processed_at,processing_time_seconds,file_name,file_type,employee_name,employee_address,employee_ssn,employer_name,employer_address,employer_ein,name_confidence,address_confidence,id_confidence,overall_confidence,status,review_reason
2026-05-26T11:05:36.481706,16.88,W2_XL_input_clean_1000.pdf,clean,April Hensley,31403 David Circles Suite 863 West Erinfort WY 45881-3334,077-49-4905,Richardson-Brown PLC,2936 Howard Radial West Raymond NV 44735-6958,37-2766773,0.95,0.95,0.95,0.9499999999999998,AUTO_APPROVED,"Required customer fields are complete. Repeat evidence - name: 2, address: 2, SSN: 2."
2026-05-26T11:05:47.130828,10.65,W2_XL_input_clean_1001.pdf,clean,Taylor Cox,613 Roger Crest Apt. 802 Leeton IA 26442-8249,779-70-5706,Carlson Group Group,56319 Underwood Views Lake Debramouth NE 33667-9751,39-3114215,0.95,0.95,0.95,0.9499999999999998,AUTO_APPROVED,"Required customer fields are complete. Repeat evidence - name: 2, address: 2, SSN: 2."
2026-05-26T11:05:58.932864,11.8,W2_XL_input_clean_1002.pdf,clean,Laura Russo,2199 Little Falls Snyderton TX 28420-7250,675-52-6498,Marshall PLC PLC,6822 Henry Neck Suite 843 Port Angelastad IA 13833-3941,73-1267148,0.95,0.95,0.95,0.9499999999999998,AUTO_APPROVED,"Required customer fields are complete. Repeat evidence - name: 2, address: 2, SSN: 2."
2026-05-26T11:06:09.691244,10.76,W2_XL_input_clean_1003.pdf,clean,Mitchell Allen,6503 John Stream,691-53-3104,Mcdonald-Harris Inc,560 Munoz Mills Suite 766 South Jamesstad MN 44881-3192,25-0924379,0.95,0.0,0.95,0.6333333333333333,NEEDS_REVIEW,Missing or incomplete customer field(s): employee_address
2026-05-26T11:06:25.009105,15.32,W2_XL_input_clean_1004.pdf,clean,James Williams,95060 Crystal Burg Apt. 070 Davisburgh AR 30937-0798,037-07-1416,Frederick-Hendricks Group,01670 Adams Islands Angelatown AZ 21706-7217,71-6374971,0.95,0.95,0.95,0.9499999999999998,AUTO_APPROVED,"Required customer fields are complete. Repeat evidence - name: 2, address: 2, SSN: 2."
2026-05-26T11:06:41.452185,16.44,W2_XL_input_clean_1005.pdf,clean,Trevor Duncan,41435 Hughes Drive New Teresaberg KS 99528-9775,768-05-9800,White PLC Inc,,83-1015714,0.95,0.95,0.95,0.9499999999999998,AUTO_APPROVED,"Required customer fields are complete. Repeat evidence - name: 2, address: 2, SSN: 2."
2026-05-26T11:06:58.404223,16.95,W2_XL_input_clean_1006.pdf,clean,Mary Dickerson,95842 Freeman Coves Apt. 63545-3314,036-91-4705,Morgan Ltd and Sons,,22-3437795,0.95,0.0,0.95,0.6333333333333333,NEEDS_REVIEW,Missing or incomplete customer field(s): employee_address
2026-05-26T11:07:34.402830,36.0,W2_XL_input_clean_1007.pdf,clean,,,760-19-8138,Brown LLC Group,,21-7657558,0.0,0.0,0.95,0.31666666666666665,NEEDS_REVIEW,"Missing or incomplete customer field(s): employee_name, employee_address"
2026-05-26T11:08:01.222758,26.82,W2_XL_input_clean_1008.pdf,clean,Robert Benson,84813 Eric Way Apt. North Amberborough AR 94257,280-96-5377,"Flores, Hubbard and Franklin Inc",,33-0179104,0.95,0.95,0.95,0.9499999999999998,AUTO_APPROVED,"Required customer fields are complete. Repeat evidence - name: 2, address: 2, SSN: 2."
2026-05-26T11:08:10.880580,9.66,W2_XL_input_clean_1009.pdf,clean,Michelle Brown,730 Huber Island Suite 344 Collinshaven IN 29316-8972,133-45-6693,"Cooper, Spence and Curry Ltd",,65-8736227,0.95,0.95,0.95,0.9499999999999998,AUTO_APPROVED,"Required customer fields are complete. Repeat evidence - name: 2, address: 2, SSN: 2."
2026-05-26T11:08:23.620780,12.74,W2_XL_input_clean_1010.pdf,clean,Bobby Torres,9622 Jessica Estates Apt. 532 Nathantown IA 78428-1174,592-52-8367,Schaefer Group Ltd,18648 Costa Valleys Suite 011 78136-7800,36-2682044,0.95,0.95,0.95,0.9499999999999998,AUTO_APPROVED,"Required customer fields are complete. Repeat evidence - name: 2, address: 2, SSN: 2."
2026-05-26T11:08:46.832315,23.21,W2_XL_input_clean_1011.pdf,clean,Jill Case,08470 Miller Stream Petersmouth IN 55359-2536,259-79-5957,Young-Perkins PLC,,68-0385441,0.95,0.95,0.95,0.9499999999999998,AUTO_APPROVED,"Required customer fields are complete. Repeat evidence - name: 2, address: 2, SSN: 2."
2026-05-26T11:08:58.736183,11.9,W2_XL_input_clean_1012.pdf,clean,Joseph Miller,68390 Blackwell Drive South Robert MD 20384-0111,246-23-8883,Mitchell-Price Ltd,5154 Amanda Station Suite 315 Jessicastad MA 10423-1803,91-4181453,0.95,0.95,0.95,0.9499999999999998,AUTO_APPROVED,"Required customer fields are complete. Repeat evidence - name: 2, address: 2, SSN: 2."
2026-05-26T11:09:07.124803,8.39,W2_XL_input_clean_1013.pdf,clean,,,725-40-6045,Mendoza-Matthews Group,,75-1618704,0.0,0.0,0.95,0.31666666666666665,NEEDS_REVIEW,"Missing or incomplete customer field(s): employee_name, employee_address"
2026-05-26T11:09:23.223145,16.1,W2_XL_input_clean_1014.pdf,clean,,,107-41-1388,Bailey-Gross and Sons,2965 James Manors Suite 021 Christopherburgh OK 23062-2861,25-4904377,0.0,0.0,0.95,0.31666666666666665,NEEDS_REVIEW,"Missing or incomplete customer field(s): employee_name, employee_address"
2026-05-26T11:09:43.648286,20.42,W2_XL_input_clean_1015.pdf,clean,Aaron Swanson,672 Brian Common Suite 123 East Lisa UT 55739-1243,466-91-3126,Douglas LLC Ltd,84831 Hill Centers Apt. 984 Port Christianberg KS 62700-6312,63-3760542,0.95,0.95,0.95,0.9499999999999998,AUTO_APPROVED,"Required customer fields are complete. Repeat evidence - name: 2, address: 2, SSN: 2."
2026-05-26T11:09:52.892056,9.24,W2_XL_input_clean_1016.pdf,clean,Laura Daniel,73200 Tammy Bridge Apt. 560 Chadfort ND 32994-7451,051-22-2256,Jones-Jones Group,706 Cook Island Apt. 840 Rubiotown IN 25520-9318,42-1580203,0.95,0.95,0.95,0.9499999999999998,AUTO_APPROVED,"Required customer fields are complete. Repeat evidence - name: 2, address: 2, SSN: 2."
2026-05-26T11:10:09.707351,16.81,W2_XL_input_clean_1017.pdf,clean,Kristi Johnson,83396 Cross Pines Suite 762 Johnstonville SC 94521-0987,809-28-4999,Thomas-Boyd Inc,,21-7956016,0.95,0.95,0.95,0.9499999999999998,AUTO_APPROVED,"Required customer fields are complete. Repeat evidence - name: 2, address: 2, SSN: 2."
2026-05-26T11:10:28.141622,18.43,W2_XL_input_clean_1018.pdf,clean,,,536-93-9326,"Rangel, Wiggins and Ortega Ltd",3460 Stevenson Islands Sarahbury WY 01038-0096,82-4064182,0.0,0.0,0.95,0.31666666666666665,NEEDS_REVIEW,"Missing or incomplete customer field(s): employee_name, employee_address"
2026-05-26T11:10:40.393837,12.25,W2_XL_input_clean_1019.pdf,clean,Gregory Hart,5688 Poole Falls Stevenborough IL 36911-5545,786-31-8115,Young PLC Ltd,595 Brandon Wells Suite 061 Williamsstad NC 19079-3808,56-9378446,0.95,0.95,0.95,0.9499999999999998,AUTO_APPROVED,"Required customer fields are complete. Repeat evidence - name: 2, address: 2, SSN: 2."
2026-05-26T11:10:52.166590,11.77,W2_XL_input_clean_1020.pdf,clean,Craig Conway,1982 Fitzgerald Motorway Suite 998 Lake Michellefort KS,685-27-9841,"Edwards, Gonzalez and Good Inc",,22-9885201,0.95,0.0,0.95,0.6333333333333333,NEEDS_REVIEW,Missing or incomplete customer field(s): employee_address
2026-05-26T11:11:08.720515,16.55,W2_XL_input_clean_1021.pdf,clean,Brandon Powell,165 Brown Street Apt. 864 South Robertmouth TN,566-27-1172,"Blackburn, Santos and Harper Ltd",750 Robert Mill Rebeccaland GA 22374-4695,02-6867459,0.95,0.0,0.95,0.6333333333333333,NEEDS_REVIEW,Missing or incomplete customer field(s): employee_address
2026-05-26T11:11:29.238472,20.52,W2_XL_input_clean_1022.pdf,clean,Joshua Chung,384 John Passage Suite 913 Lake Jasmine WI 79493-3115,667-08-6911,"Davis,",3422 Richard Park Apt. 580 Riosview NY 27951-2884,81-4051208,0.95,0.95,0.95,0.9499999999999998,AUTO_APPROVED,"Required customer fields are complete. Repeat evidence - name: 2, address: 2, SSN: 2."
2026-05-26T11:11:56.515294,27.27,W2_XL_input_clean_1023.pdf,clean,Kevin Weiss,06811 Mark Street Lake Ronniestad VA 09568-0186,458-29-4861,Liu-Sanchez LLC,624 Morales Via Apt. 302 Hillfort AR 96417-7845,66-8796415,0.95,0.95,0.95,0.9499999999999998,AUTO_APPROVED,"Required customer fields are complete. Repeat evidence - name: 2, address: 2, SSN: 2."
2026-05-26T11:13:01.154715,64.64,W2_XL_input_clean_1024.pdf,clean,Christina Rodgers,0699 Cory Manors Suite 511 Douglaschester OR 34077-4996,462-93-4192,"Hodges, Kelly and Marquez Inc",,53-8183487,0.95,0.95,0.95,0.9499999999999998,AUTO_APPROVED,"Required customer fields are complete. Repeat evidence - name: 2, address: 2, SSN: 2."
2026-05-26T11:13:11.983451,10.83,W2_XL_input_clean_1025.pdf,clean,,,419-46-9476,"Martinez, Frederick and Anderson Ltd",,39-5248121,0.0,0.0,0.95,0.31666666666666665,NEEDS_REVIEW,"Missing or incomplete customer field(s): employee_name, employee_address"
2026-05-26T11:13:27.264439,15.28,W2_XL_input_clean_1026.pdf,clean,Brenda Tate,87089 Henderson Island Suite 647 Roachborough NJ 31782-4528,757-72-5237,Johnson Inc LLC,,36-4437953,0.95,0.95,0.95,0.9499999999999998,AUTO_APPROVED,"Required customer fields are complete. Repeat evidence - name: 2, address: 2, SSN: 2."
2026-05-26T11:13:42.363429,15.1,W2_XL_input_clean_1027.pdf,clean,Steven Vazquez,768 Watts Stravenue Suite 613 North Amy SD 32309-8121,771-65-1503,Owens PLC Group,98265 Williamson Pine Suite 940 East Keithville AK 09182-5377,11-5111671,0.95,0.95,0.95,0.9499999999999998,AUTO_APPROVED,"Required customer fields are complete. Repeat evidence - name: 2, address: 2, SSN: 2."
2026-05-26T11:14:07.059738,24.69,W2_XL_input_clean_1028.pdf,clean,,,521-99-2805,George PLC Group,75737 Steven Road Wilsonberg AK 60557-2508,04-6527118,0.0,0.0,0.95,0.31666666666666665,NEEDS_REVIEW,"Missing or incomplete customer field(s): employee_name, employee_address"
2026-05-26T11:14:16.718128,9.66,W2_XL_input_clean_1029.pdf,clean,,,061-74-3844,"Harris, Wu and Phillips Ltd",68729 Sloan Junction Suite 353 Perezfurt AR 94828-5236,99-9301354,0.0,0.0,0.95,0.31666666666666665,NEEDS_REVIEW,"Missing or incomplete customer field(s): employee_name, employee_address"
2026-05-26T11:14:35.464104,18.74,W2_XL_input_clean_1030.pdf,clean,Amanda Carroll,220 Foley Ford Suite 426 Landryside VT 54626-5244,122-58-2268,Whitaker-Abbott LLC,,80-2130083,0.95,0.95,0.95,0.9499999999999998,AUTO_APPROVED,"Required customer fields are complete. Repeat evidence - name: 2, address: 2, SSN: 2."
2026-05-26T11:14:48.912911,13.45,W2_XL_input_clean_1031.pdf,clean,Bonnie Hernandez,96453 Molly Hollow Apt. 124 East Kathrynmouth AL,099-57-5786,Delgado LLC and Sons,,41-3923641,0.95,0.0,0.95,0.6333333333333333,NEEDS_REVIEW,Missing or incomplete customer field(s): employee_address
2026-05-26T11:14:59.001852,10.09,W2_XL_input_clean_1032.pdf,clean,Stephen George,667 Moreno Islands Apt. 604 West John NE 82311-5239,106-54-4841,Newman Ltd Group,,80-2762530,0.95,0.95,0.95,0.9499999999999998,AUTO_APPROVED,"Required customer fields are complete. Repeat evidence - name: 2, address: 2, SSN: 2."
2026-05-26T11:15:09.666277,10.66,W2_XL_input_clean_1033.pdf,clean,Jacob Gibbs,04274 Trevor Prairie Apt. 381 Whitefort MA 92004-2975,397-41-0692,Simmons-Sanchez LLC,7015 Thomas Views Suite 873 Garychester LA 52580-3224,32-3474379,0.95,0.95,0.95,0.9499999999999998,AUTO_APPROVED,"Required customer fields are complete. Repeat evidence - name: 2, address: 2, SSN: 2."
2026-05-26T11:15:47.175377,37.51,W2_XL_input_clean_1034.pdf,clean,Charles Avila,66050 Hunt Valleys Apt. 689 Michaelport WY 62963-5613,737-88-7555,"Cole, Kim and Donaldson and Sons",01071 Boyd Key Suite 305 West Michael OK 83587-2313,58-1543494,0.95,0.95,0.95,0.9499999999999998,AUTO_APPROVED,"Required customer fields are complete. Repeat evidence - name: 2, address: 2, SSN: 2."
2026-05-26T11:16:03.215783,16.04,W2_XL_input_clean_1035.pdf,clean,,,081-76-7172,Jones Inc PLC,,91-5606780,0.0,0.0,0.95,0.31666666666666665,NEEDS_REVIEW,"Missing or incomplete customer field(s): employee_name, employee_address"
2026-05-26T11:16:19.249152,16.03,W2_XL_input_clean_1036.pdf,clean,John Moss,80934 Nicole Extensions Johnsshire WA 08923-2155,614-09-7439,Werner-Burke and Sons,34189 Cooper Square Suite 500 New Kellyberg OK 18948-4384,31-1225757,0.95,0.95,0.95,0.9499999999999998,AUTO_APPROVED,"Required customer fields are complete. Repeat evidence - name: 2, address: 2, SSN: 2."
2026-05-26T11:16:28.663163,9.41,W2_XL_input_clean_1037.pdf,clean,Tammy Macdonald,267 Austin Unions Suite 494 Lake Joshuaside NJ 74371-6205,176-25-7940,"Wagner, Jacobs and Haney and Sons",61171 Martin Corner Apt. 963 Bowmanborough UT 51844-9881,30-7554983,0.95,0.95,0.95,0.9499999999999998,AUTO_APPROVED,"Required customer fields are complete. Repeat evidence - name: 2, address: 2, SSN: 2."
2026-05-26T11:16:38.191991,9.53,W2_XL_input_clean_1038.pdf,clean,Dawn Fritz,856 Keith Harbor Apt. 417 Ryanview WI 94275-5086,602-67-7434,"Hernandez, Hansen and Shields Inc",48227 Brewer Turnpike Suite 121 North Brookeborough NM 05234-9796,10-3943671,0.95,0.95,0.95,0.9499999999999998,AUTO_APPROVED,"Required customer fields are complete. Repeat evidence - name: 2, address: 2, SSN: 2."
2026-05-26T11:16:59.566163,21.37,W2_XL_input_clean_1039.pdf,clean,Munoz Kyle,32247 Lisa Curve Suite 086 Michaelport HI 77800-4418,828-11-6538,Clark Ltd Group,17639 Tracey Underpass Suite 193 West Matthewberg FL 42546-7137,84-4367198,0.95,0.95,0.95,0.9499999999999998,AUTO_APPROVED,"Required customer fields are complete. Repeat evidence - name: 2, address: 2, SSN: 2."
2026-05-26T11:17:23.330453,23.76,W2_XL_input_clean_1040.pdf,clean,Seth Martinez,438 Brandon Point Apt. 407 Lake Victoriamouth WA 46507-8943,642-31-4416,"Montes, Townsend and Love and Sons",,15-5102858,0.95,0.95,0.95,0.9499999999999998,AUTO_APPROVED,"Required customer fields are complete. Repeat evidence - name: 2, address: 2, SSN: 2."
2026-05-26T11:17:33.456943,10.12,W2_XL_input_clean_1041.pdf,clean,David Hill,965 Rodgers Lake Apt. 548 New Denise NC 16717-9024,006-82-2022,Green Ltd and Sons,30514 Jones Square Apt. 551 Joshuaview ID 35691-4865,36-6424483,0.95,0.95,0.95,0.9499999999999998,AUTO_APPROVED,"Required customer fields are complete. Repeat evidence - name: 2, address: 2, SSN: 2."
2026-05-26T11:17:43.131781,9.67,W2_XL_input_clean_1042.pdf,clean,Mrs. Debbie,3916 Stevens Center Apt. South Laura SD 62127-4608,631-44-6006,Bond Group Ltd,,53-6884461,0.95,0.95,0.95,0.9499999999999998,AUTO_APPROVED,"Required customer fields are complete. Repeat evidence - name: 2, address: 2, SSN: 2."
2026-05-26T11:17:54.074870,10.94,W2_XL_input_clean_1043.pdf,clean,,,665-50-6675,Wright-Houston LLC,,21-0396592,0.0,0.0,0.95,0.31666666666666665,NEEDS_REVIEW,"Missing or incomplete customer field(s): employee_name, employee_address"
2026-05-26T11:18:07.292544,13.22,W2_XL_input_clean_1044.pdf,clean,Renee Howard,41137 Adams Parkways Suite 509 Carterchester AR 30369-0496,169-52-1407,Rose Ltd Ltd,695 Martinez Trail Suite 586 Laurafurt WI 74846-4827,41-3052139,0.95,0.95,0.95,0.9499999999999998,AUTO_APPROVED,"Required customer fields are complete. Repeat evidence - name: 2, address: 2, SSN: 2."
2026-05-26T11:18:22.954739,15.66,W2_XL_input_clean_1045.pdf,clean,,,040-57-9133,Hall LLC LLC,,31-9957695,0.0,0.0,0.95,0.31666666666666665,NEEDS_REVIEW,"Missing or incomplete customer field(s): employee_name, employee_address"
2026-05-26T11:18:32.625898,9.67,W2_XL_input_clean_1046.pdf,clean,,,457-50-9546,"Miller, Garcia and Burgess Inc",,92-5981669,0.0,0.0,0.95,0.31666666666666665,NEEDS_REVIEW,"Missing or incomplete customer field(s): employee_name, employee_address"
2026-05-26T11:18:52.723177,20.09,W2_XL_input_clean_1047.pdf,clean,,,661-07-8943,Dominguez PLC Inc,,76-6996539,0.0,0.0,0.95,0.31666666666666665,NEEDS_REVIEW,"Missing or incomplete customer field(s): employee_name, employee_address"
2026-05-26T11:19:14.971878,22.25,W2_XL_input_clean_1048.pdf,clean,Ashley Robinson,610 David Course Suite 060 East Yvonneside MO,136-23-7292,Young-Anderson Ltd,,36-3405192,0.95,0.0,0.95,0.6333333333333333,NEEDS_REVIEW,Missing or incomplete customer field(s): employee_address
2026-05-26T11:19:38.158969,23.18,W2_XL_input_clean_1049.pdf,clean,John Watkins,525 Miller Rue Suite 193 East Brenda WV 77248-3377,749-31-0897,"Gordon, Meyers and Donaldson PLC",,16-7087318,0.95,0.95,0.95,0.9499999999999998,AUTO_APPROVED,"Required customer fields are complete. Repeat evidence - name: 2, address: 2, SSN: 2."
2026-05-26T11:33:33.565488,46.64,W2_XL_input_clean_1050.pdf,clean,,,193-60-1856,Davis Inc Group,,41-8513717,0.0,0.0,0.95,0.31666666666666665,NEEDS_REVIEW,"Missing or incomplete customer field(s): employee_name, employee_address"
2026-05-26T11:34:19.487911,45.92,W2_XL_input_clean_1051.pdf,clean,,,144-87-5432,Ferguson and Sons Ltd,721 Clay Wells Apt. 824 Chasebury SD 72036-5245,39-1373695,0.0,0.0,0.95,0.31666666666666665,NEEDS_REVIEW,"Missing or incomplete customer field(s): employee_name, employee_address"
2026-05-26T11:34:34.235739,14.75,W2_XL_input_clean_1052.pdf,clean,Chad Rubio,9857 David Street Apt. 830 Port Kimberlyport ME 12330-3661,414-30-0177,Collins-Santana Ltd,,68-9101777,0.95,0.95,0.95,0.9499999999999998,AUTO_APPROVED,"Required customer fields are complete. Repeat evidence - name: 2, address: 2, SSN: 2."
2026-05-26T11:34:48.560891,14.32,W2_XL_input_clean_1053.pdf,clean,,,399-08-6361,Higgins-Hernandez Inc,,55-4661307,0.0,0.0,0.95,0.31666666666666665,NEEDS_REVIEW,"Missing or incomplete customer field(s): employee_name, employee_address"
2026-05-26T11:35:08.301366,19.74,W2_XL_input_clean_1054.pdf,clean,Mary Townsend,775 Mosley Cove Suite 784 Nelsonport SD 79593-1520,277-19-3875,Patel PLC Inc,,46-9877168,0.95,0.95,0.95,0.9499999999999998,AUTO_APPROVED,"Required customer fields are complete. Repeat evidence - name: 2, address: 2, SSN: 2."
2026-05-26T11:35:30.879798,22.58,W2_XL_input_clean_1055.pdf,clean,,,726-62-9792,Perez Inc Ltd,,47-2426766,0.0,0.0,0.95,0.31666666666666665,NEEDS_REVIEW,"Missing or incomplete customer field(s): employee_name, employee_address"
2026-05-26T11:35:47.146113,16.26,W2_XL_input_clean_1056.pdf,clean,Mathews-Graham Inc,3094 Melissa Lakes Suite 100 Montgomeryshire CA 51116-2642,707-83-8869,Mathews-Graham Inc,3094 Melissa Lakes Suite 100 Montgomeryshire CA 51116-2642,11-0663644,0.0,0.95,0.95,0.6333333333333333,NEEDS_REVIEW,Missing or incomplete customer field(s): employee_name
2026-05-26T11:35:58.687358,11.54,W2_XL_input_clean_1057.pdf,clean,Cassandra Gonzalez,3589 Mark Knolls Suite 263 North Jillian IL 07886-9213,550-79-0373,Larsen Ltd Inc,,92-8733053,0.95,0.95,0.95,0.9499999999999998,AUTO_APPROVED,"Required customer fields are complete. Repeat evidence - name: 2, address: 2, SSN: 2."
2026-05-26T11:36:51.705071,53.01,W2_XL_input_clean_1058.pdf,clean,Jessica Gates,735 Nguyen Expressway Apt. 969 New Douglas NM 39271-8079,102-72-9090,"Vance, Richmond and Cole and Sons",7152 Jessica Spurs Apt. 979 West Zacharyfurt VT 03704-6366,64-1587731,0.95,0.95,0.95,0.9499999999999998,AUTO_APPROVED,"Required customer fields are complete. Repeat evidence - name: 2, address: 2, SSN: 2."
2026-05-26T11:37:22.333806,30.63,W2_XL_input_clean_1059.pdf,clean,Brendan Vaughn,40066 Jasmine Points Justinmouth VA 50559-9111,135-72-1937,Ramirez and Sons Group,,76-1046576,0.95,0.95,0.95,0.9499999999999998,AUTO_APPROVED,"Required customer fields are complete. Repeat evidence - name: 2, address: 2, SSN: 2."
2026-05-26T11:37:33.447822,11.11,W2_XL_input_clean_1060.pdf,clean,,,121-20-5864,Valenzuela Group and Sons,,02-2278823,0.0,0.0,0.95,0.31666666666666665,NEEDS_REVIEW,"Missing or incomplete customer field(s): employee_name, employee_address"
2026-05-26T11:37:46.736570,13.29,W2_XL_input_clean_1061.pdf,clean,,,306-79-6011,Gonzalez Ltd Group,522 Walker Drives Suite 666 East John VT 46003-7653,67-8930520,0.0,0.0,0.95,0.31666666666666665,NEEDS_REVIEW,"Missing or incomplete customer field(s): employee_name, employee_address"
2026-05-26T11:38:19.847384,33.11,W2_XL_input_clean_1062.pdf,clean,Luke Turner,76743 Steven Pines Apt. 200 Moodyview AL 69515-1892,849-85-9333,"Parker, Lyons and Braun LLC",,31-3986681,0.95,0.95,0.95,0.9499999999999998,AUTO_APPROVED,"Required customer fields are complete. Repeat evidence - name: 2, address: 2, SSN: 2."
2026-05-26T11:38:31.623489,11.77,W2_XL_input_clean_1063.pdf,clean,,,580-10-3447,Cook PLC Inc,181 Jose Summit Suite 685 Walshstad MT 88278-8106,25-7286456,0.0,0.0,0.95,0.31666666666666665,NEEDS_REVIEW,"Missing or incomplete customer field(s): employee_name, employee_address"
2026-05-26T11:38:53.637084,22.01,W2_XL_input_clean_1064.pdf,clean,Douglas Monroe,06431 Collins Highway Apt. 765 26727-2403,558-75-2295,"Martinez, Evans and Perry Inc",078 Cindy Rapids Suite 104 Gloriaborough PA 35112-8452,21-7664745,0.95,0.0,0.95,0.6333333333333333,NEEDS_REVIEW,Missing or incomplete customer field(s): employee_address
2026-05-26T11:39:06.441811,12.8,W2_XL_input_clean_1065.pdf,clean,Anna Price,59816 Sims Cliffs Jacobsport CO 33884-9761,395-45-3047,Jefferson Group Group,4535 Mark Street Jennifertown NV 80786-0138,58-1516542,0.95,0.95,0.95,0.9499999999999998,AUTO_APPROVED,"Required customer fields are complete. Repeat evidence - name: 2, address: 2, SSN: 2."
2026-05-26T11:39:14.472395,8.03,W2_XL_input_clean_1066.pdf,clean,Amy Allison,1914 Christy Plaza Michaelland NY 10265-1301,612-91-5447,Miller and Sons Inc,616 Vickie Freeway Elizabethshire AZ 17127-2369,80-6944527,0.95,0.95,0.95,0.9499999999999998,AUTO_APPROVED,"Required customer fields are complete. Repeat evidence - name: 2, address: 2, SSN: 2."
2026-05-26T11:39:54.378773,39.9,W2_XL_input_clean_1067.pdf,clean,,,152-47-5066,Garcia Inc Inc,683 Bridges Springs Suite 352 South Meganside DE 72249-7422,41-5917072,0.0,0.0,0.95,0.31666666666666665,NEEDS_REVIEW,"Missing or incomplete customer field(s): employee_name, employee_address"
2026-05-26T11:40:04.996021,10.61,W2_XL_input_clean_1068.pdf,clean,Sarah Russell,9858 Justin Curve Apt. 968 New Stevenstad NM 75301-5807,168-07-8916,Miller Group Ltd,664 Jonathan Cove Suite 594 Smithfurt WY 62999-5228,50-2958253,0.95,0.95,0.95,0.9499999999999998,AUTO_APPROVED,"Required customer fields are complete. Repeat evidence - name: 2, address: 2, SSN: 2."
2026-05-26T11:40:16.085090,11.09,W2_XL_input_clean_1069.pdf,clean,Isaiah Vasquez,34680 Stephanie Mountain Apt. 053 Zimmermanberg TX 76310-9046,184-85-8120,Smith Group LLC,24668 Alicia Rue Suite 076 East Joshua OH 06869-4912,95-3293796,0.95,0.95,0.95,0.9499999999999998,AUTO_APPROVED,"Required customer fields are complete. Repeat evidence - name: 2, address: 2, SSN: 2."
2026-05-26T11:40:57.395572,41.31,W2_XL_input_clean_1070.pdf,clean,,,591-92-9990,Mccoy-Stewart and Sons,,16-1148490,0.0,0.0,0.95,0.31666666666666665,NEEDS_REVIEW,"Missing or incomplete customer field(s): employee_name, employee_address"
2026-05-26T11:41:06.130581,8.73,W2_XL_input_clean_1071.pdf,clean,,,306-62-6738,Espinoza LLC Ltd,447 Craig Parkways Suite 000 Martinstad AL 83833-5918,37-7025691,0.0,0.0,0.95,0.31666666666666665,NEEDS_REVIEW,"Missing or incomplete customer field(s): employee_name, employee_address"
2026-05-26T11:41:30.676173,24.54,W2_XL_input_clean_1072.pdf,clean,,,831-09-4122,"Barton, Graves and Kelley and Sons",,04-4222837,0.0,0.0,0.95,0.31666666666666665,NEEDS_REVIEW,"Missing or incomplete customer field(s): employee_name, employee_address"
2026-05-26T11:42:24.079378,53.4,W2_XL_input_clean_1073.pdf,clean,Michael Mclaughlin,7131 Jones Divide Suite 614 North Andrew NM 78429-9291,486-78-7777,"Wiley,",,27-2304573,0.95,0.95,0.95,0.9499999999999998,AUTO_APPROVED,"Required customer fields are complete. Repeat evidence - name: 2, address: 2, SSN: 2."
2026-05-26T11:42:45.511680,21.43,W2_XL_input_clean_1074.pdf,clean,Jamie Khan,3679 Lawrence Stravenue Apt. 918 Lake Edward WI 83285-7008,376-30-8843,"Burch, Herring and Burgess and Sons",88858 Troy Plaza Suite 516 West Jenna OH 87395-0664,05-0653478,0.95,0.95,0.95,0.9499999999999998,AUTO_APPROVED,"Required customer fields are complete. Repeat evidence - name: 2, address: 2, SSN: 2."
2026-05-26T11:42:54.440061,8.92,W2_XL_input_clean_1075.pdf,clean,Robert Griffin,8319 Angel Row Suite 800 New Jessica ME 98987-7394,620-65-7280,"Duncan, Shepard and Shea Inc",8890 Kim Locks Moraton OR 32366-6042,73-4492049,0.95,0.95,0.95,0.9499999999999998,AUTO_APPROVED,"Required customer fields are complete. Repeat evidence - name: 2, address: 2, SSN: 2."
2026-05-26T11:43:10.331535,15.89,W2_XL_input_clean_1076.pdf,clean,Tina Phillips,63753 Giles Lane Roseburgh ND 94257-8266,403-96-9955,Adams-Medina Group,940 Kara Ramp Suite 244 West Brian NE 46163-2234,62-9225995,0.95,0.95,0.95,0.9499999999999998,AUTO_APPROVED,"Required customer fields are complete. Repeat evidence - name: 2, address: 2, SSN: 2."
2026-05-26T11:43:21.106542,10.77,W2_XL_input_clean_1077.pdf,clean,,,773-45-3145,Herring LLC Group,,22-3892368,0.0,0.0,0.95,0.31666666666666665,NEEDS_REVIEW,"Missing or incomplete customer field(s): employee_name, employee_address"
2026-05-26T11:43:31.786303,10.68,W2_XL_input_clean_1078.pdf,clean,Debbie Castillo,916 Bell Island Suite 694 Morrisonstad ID 78140-6085,521-32-5512,"Miller, Perez and Byrd and Sons",80583 Garcia Neck Apt. 831 Petersenville WA 63831-2935,87-9331073,0.95,0.95,0.95,0.9499999999999998,AUTO_APPROVED,"Required customer fields are complete. Repeat evidence - name: 2, address: 2, SSN: 2."
2026-05-26T11:43:40.997730,9.21,W2_XL_input_clean_1079.pdf,clean,Eric Reynolds,6462 Coffey Ridge Suite 124 East Alexandertown NV,077-31-6593,"Mclean, Baldwin and Bowen Group",994 Lopez Loop East Katherine NC 69537-6929,45-4089146,0.95,0.0,0.95,0.6333333333333333,NEEDS_REVIEW,Missing or incomplete customer field(s): employee_address
2026-05-26T11:44:04.203194,23.2,W2_XL_input_clean_1080.pdf,clean,,,481-42-1941,Gibbs LLC Group,,82-1139664,0.0,0.0,0.95,0.31666666666666665,NEEDS_REVIEW,"Missing or incomplete customer field(s): employee_name, employee_address"
2026-05-26T11:44:21.728278,17.52,W2_XL_input_clean_1081.pdf,clean,Jonathan Clark,59112 Johnson Skyway Suite 963 Port Victoriaview MO 74318-0887,635-41-1739,Martin Ltd LLC,64225 Guerra Bridge Suite 331 Derekberg AL 38761-2503,23-9991611,0.95,0.95,0.95,0.9499999999999998,AUTO_APPROVED,"Required customer fields are complete. Repeat evidence - name: 2, address: 2, SSN: 2."
2026-05-26T11:44:45.891660,24.16,W2_XL_input_clean_1082.pdf,clean,Paige Garcia,5201 Myers Orchard Suite 934 South Daniel SC 61599-3703,427-30-2349,"Martinez, Jones and Mendoza Ltd",,68-4816336,0.95,0.95,0.95,0.9499999999999998,AUTO_APPROVED,"Required customer fields are complete. Repeat evidence - name: 2, address: 2, SSN: 2."
2026-05-26T11:45:08.582807,22.69,W2_XL_input_clean_1083.pdf,clean,,,453-30-0766,"Washington, Sandoval and Cline Inc",,87-8882851,0.0,0.0,0.95,0.31666666666666665,NEEDS_REVIEW,"Missing or incomplete customer field(s): employee_name, employee_address"
2026-05-26T11:45:21.270826,12.68,W2_XL_input_clean_1084.pdf,clean,Fuller-Mitchell Ltd,83309 Ashley Extension Lake Dianeland IN 40399-9385,415-93-3863,Fuller-Mitchell Ltd,83309 Ashley Extension Lake Dianeland IN 40399-9385,38-5202787,0.0,0.95,0.95,0.6333333333333333,NEEDS_REVIEW,Missing or incomplete customer field(s): employee_name
2026-05-26T11:47:09.365324,108.09,W2_XL_input_clean_1085.pdf,clean,Ricky Boyer,96195 Christopher Crest Bennettbury WY 15540-5742,876-55-9013,Watson-Lopez and Sons,18977 Lauren Valleys Apt. 314 West Kimberly NC 97043-4906,14-0949823,0.95,0.95,0.95,0.9499999999999998,AUTO_APPROVED,"Required customer fields are complete. Repeat evidence - name: 2, address: 2, SSN: 2."
2026-05-26T11:47:32.039843,22.67,W2_XL_input_clean_1086.pdf,clean,Edgar Everett,1860 Carroll Islands Suite 643 East Alejandrofurt TX,056-47-8652,"Santana, Walters and Parker Inc",4388 Marsh Highway South Williammouth LA 33292-2624,11-9234175,0.95,0.0,0.95,0.6333333333333333,NEEDS_REVIEW,Missing or incomplete customer field(s): employee_address
2026-05-26T11:47:44.799884,12.76,W2_XL_input_clean_1087.pdf,clean,Andres Weber,5804 Duke Squares Suite 157 Mcdonaldhaven AR 26798-0532,225-88-2987,"Johnson, Bennett and Andrews and Sons",6004 Martin Vista Apt. 111 West Brent TX 29295-9878,81-1952318,0.95,0.95,0.95,0.9499999999999998,AUTO_APPROVED,"Required customer fields are complete. Repeat evidence - name: 2, address: 2, SSN: 2."
2026-05-26T11:48:44.082616,59.28,W2_XL_input_clean_1088.pdf,clean,Group Smith-Goodwin,2004 Lisa Walks Apt. 893 Karenberg NM 25129-5725,067-47-3958,Smith-Goodwin Group,2004 Lisa Walks Apt. 893 Karenberg NM 25129-5725,61-6918648,0.0,0.95,0.95,0.6333333333333333,NEEDS_REVIEW,Missing or incomplete customer field(s): employee_name
2026-05-26T11:48:57.796757,13.71,W2_XL_input_clean_1089.pdf,clean,Julie Miller,722 Pearson Pine Apt. 883 Lake Alan NJ 74329-0997,583-71-0653,Walsh Ltd Inc,83527 Mcpherson Highway Suite 310 62156-1015,40-0420479,0.95,0.95,0.95,0.9499999999999998,AUTO_APPROVED,"Required customer fields are complete. Repeat evidence - name: 2, address: 2, SSN: 2."
2026-05-26T11:49:09.384083,11.58,W2_XL_input_clean_1090.pdf,clean,Elizabeth Russo,71278 Miller Roads Apt. 323 South Rogershire VT,084-32-1438,"Rivera, Mitchell and Harrison Ltd",85277 John Fort Apt. 439 North Timothy KS 16974-2856,90-1760012,0.95,0.0,0.95,0.6333333333333333,NEEDS_REVIEW,Missing or incomplete customer field(s): employee_address
2026-05-26T11:49:23.054907,13.67,W2_XL_input_clean_1091.pdf,clean,Burns-Smith Ltd,05568 Pearson Centers Apt. 999 East John NY 04060-3893,685-04-2829,Burns-Smith Ltd,05568 Pearson Centers Apt. 999 East John NY 04060-3893,63-1277250,0.0,0.95,0.95,0.6333333333333333,NEEDS_REVIEW,Missing or incomplete customer field(s): employee_name
2026-05-26T11:50:10.789418,47.73,W2_XL_input_clean_1092.pdf,clean,Richard Nichols,065 Jones Mountains Apt. East Feliciafort AR 91428-4033,742-38-6398,Herman-White Inc,,60-6981254,0.95,0.95,0.95,0.9499999999999998,AUTO_APPROVED,"Required customer fields are complete. Repeat evidence - name: 2, address: 2, SSN: 2."
2026-05-26T11:50:19.452664,8.66,W2_XL_input_clean_1093.pdf,clean,,,522-19-6385,Mccarthy-Crane Ltd,,24-1315390,0.0,0.0,0.95,0.31666666666666665,NEEDS_REVIEW,"Missing or incomplete customer field(s): employee_name, employee_address"
2026-05-26T11:50:32.178829,12.72,W2_XL_input_clean_1094.pdf,clean,,,870-57-1379,Underwood and Sons LLC,9631 Bird Tunnel Suite 767 Williamport WV 59548-4993,99-3029582,0.0,0.0,0.95,0.31666666666666665,NEEDS_REVIEW,"Missing or incomplete customer field(s): employee_name, employee_address"
2026-05-26T11:50:41.458231,9.28,W2_XL_input_clean_1095.pdf,clean,Mayo-Richmond Group,666 Leslie Pines Suite 460 Port Nicholasport WV 66676-2191,387-78-4467,Mayo-Richmond Group,666 Leslie Pines Suite 460 Port Nicholasport WV 66676-2191,84-7799514,0.0,0.95,0.95,0.6333333333333333,NEEDS_REVIEW,Missing or incomplete customer field(s): employee_name
2026-05-26T11:50:59.430651,17.97,W2_XL_input_clean_1096.pdf,clean,Frank Medina,38918 Kenneth Street Port Daniel NJ 18183-2324,176-88-7710,Hayes LLC and Sons,,45-1917679,0.95,0.95,0.95,0.9499999999999998,AUTO_APPROVED,"Required customer fields are complete. Repeat evidence - name: 2, address: 2, SSN: 2."
2026-05-26T11:51:30.853499,31.42,W2_XL_input_clean_1097.pdf,clean,Briana Fischer,64328 Jacob Streets Suite 697 Ballardland MO 01623-8652,682-36-9854,"Thomas, Johnson and Garza PLC",2319 Johnston Forest Suite 525 South Davidton TX 38322-6639,10-2340022,0.95,0.95,0.95,0.9499999999999998,AUTO_APPROVED,"Required customer fields are complete. Repeat evidence - name: 2, address: 2, SSN: 2."
2026-05-26T11:51:45.713571,14.86,W2_XL_input_clean_1098.pdf,clean,John Williams,641 Webster Trail Port Jeremychester ME,219-99-2683,"Beasley, Castro and Mcmahon LLC",,11-0718699,0.95,0.0,0.95,0.6333333333333333,NEEDS_REVIEW,Missing or incomplete customer field(s): employee_address
2026-05-26T11:51:59.107553,13.39,W2_XL_input_clean_1099.pdf,clean,,,224-99-6422,Nicholson-Scott LLC,164 Jennifer Neck Suite 217 Rogerstown ME 91423-0559,45-5140000,0.0,0.0,0.95,0.31666666666666665,NEEDS_REVIEW,"Missing or incomplete customer field(s): employee_name, employee_address"
2026-05-26T11:55:38.227957,13.67,W2_XL_input_clean_1100.pdf,clean,,,890-31-1369,Smith-Rosales PLC,011 Martha Mills Lake Stevenview CA 80041-2918,85-3386000,0.0,0.0,0.95,0.31666666666666665,NEEDS_REVIEW,"Missing or incomplete customer field(s): employee_name, employee_address"
2026-05-26T11:55:46.888703,8.65,W2_XL_input_clean_1101.pdf,clean,,,374-59-0391,Fernandez-Mason PLC,562 Summers Mills Suite 675 South Cynthiamouth NH 29645-0625,82-1284098,0.0,0.0,0.95,0.31666666666666665,NEEDS_REVIEW,"Missing or incomplete customer field(s): employee_name, employee_address"
2026-05-26T11:55:57.012348,10.12,W2_XL_input_clean_1102.pdf,clean,,,549-65-6023,Jones Ltd Ltd,,75-7824378,0.0,0.0,0.95,0.31666666666666665,NEEDS_REVIEW,"Missing or incomplete customer field(s): employee_name, employee_address"
2026-05-26T11:56:08.560368,11.54,W2_XL_input_clean_1103.pdf,clean,,,592-77-5624,Tucker Ltd Ltd,651 Shane Extension Lake David IN 19724-5161,51-6198601,0.0,0.0,0.95,0.31666666666666665,NEEDS_REVIEW,"Missing or incomplete customer field(s): employee_name, employee_address"
2026-05-26T11:56:30.618553,22.05,W2_XL_input_clean_1104.pdf,clean,Brian Booth,28991 Cindy Harbors Suite 529 Stephensview GA 29737-1985,078-45-2803,"Miller, Lawson and Shepherd Inc",,21-7440605,0.95,0.95,0.95,0.9499999999999998,AUTO_APPROVED,"Required customer fields are complete. Repeat evidence - name: 2, address: 2, SSN: 2."
2026-05-26T11:57:03.082839,32.46,W2_XL_input_clean_1105.pdf,clean,Veronica Jennings,629 Blake Passage Apt. West Cynthialand WI 18271-6351,385-28-3721,Brown LLC Inc,,51-7644565,0.95,0.95,0.95,0.9499999999999998,AUTO_APPROVED,"Required customer fields are complete. Repeat evidence - name: 2, address: 2, SSN: 2."
2026-05-26T11:57:17.136668,14.05,W2_XL_input_clean_1106.pdf,clean,Sergio Wright,445 Novak Stream Port Kevinville NJ,123-57-6973,Juarez Inc PLC,7137 Jared Wall Apt. 100 South Georgeshire RI 28350-7604,21-9572225,0.95,0.0,0.95,0.6333333333333333,NEEDS_REVIEW,Missing or incomplete customer field(s): employee_address
2026-05-26T11:57:44.018892,26.88,W2_XL_input_clean_1107.pdf,clean,Christopher Duncan,29153 Melissa Knoll Suite 107 Kaylamouth WI 85790-5442,121-48-9734,Wells-Conrad Group,98666 Brett Drive Suite 708 West Anna AK 35287-9678,44-3447019,0.95,0.95,0.95,0.9499999999999998,AUTO_APPROVED,"Required customer fields are complete. Repeat evidence - name: 2, address: 2, SSN: 2."
2026-05-26T11:57:59.656886,15.63,W2_XL_input_clean_1108.pdf,clean,Sarah Walton,2810 Evans Run Apt. 414 Staceyborough NM 83069-3787,127-50-1048,Shah LLC and Sons,7172 Elizabeth Square Apt. 832 New Robert TN 58778-0355,59-1939953,0.95,0.95,0.95,0.9499999999999998,AUTO_APPROVED,"Required customer fields are complete. Repeat evidence - name: 2, address: 2, SSN: 2."
2026-05-26T11:58:22.335113,22.67,W2_XL_input_clean_1109.pdf,clean,,,150-55-2485,Wolf and Sons and Sons,,44-3025750,0.0,0.0,0.95,0.31666666666666665,NEEDS_REVIEW,"Missing or incomplete customer field(s): employee_name, employee_address"
2026-05-26T11:59:16.330239,53.99,W2_XL_input_clean_1110.pdf,clean,Lisa Webb,555 Wise Trail North Ryanfurt NV 75391-9128,357-16-1497,Marshall-Marshall LLC,200 Webb Stravenue Apt. 411 Sarastad NJ 94282-6757,38-9926957,0.95,0.95,0.95,0.9499999999999998,AUTO_APPROVED,"Required customer fields are complete. Repeat evidence - name: 2, address: 2, SSN: 2."
2026-05-26T11:59:24.854612,8.52,W2_XL_input_clean_1111.pdf,clean,Valdez Seth,51361 Brent Plaza Jeremystad HI 52070-6263,712-91-0316,Deleon Cooper LLC,,37-8327981,0.95,0.95,0.95,0.9499999999999998,AUTO_APPROVED,"Required customer fields are complete. Repeat evidence - name: 2, address: 2, SSN: 2."
2026-05-26T11:59:44.877164,20.02,W2_XL_input_clean_1112.pdf,clean,,,585-23-3255,Turner-Powell and Sons,,56-7437876,0.0,0.0,0.95,0.31666666666666665,NEEDS_REVIEW,"Missing or incomplete customer field(s): employee_name, employee_address"
2026-05-26T11:59:54.232676,9.35,W2_XL_input_clean_1113.pdf,clean,Lori Carney,99299 Brian Lakes Suite 631 Tranville KS 06355-8604,111-99-9854,Wood-Owens Ltd,,73-1521309,0.95,0.95,0.95,0.9499999999999998,AUTO_APPROVED,"Required customer fields are complete. Repeat evidence - name: 2, address: 2, SSN: 2."
2026-05-26T12:00:09.980490,15.74,W2_XL_input_clean_1114.pdf,clean,Lee Michael,262 Jeremy Street East Anthonyfort NM 49107-0661,834-82-6236,"Castro, Sanders and Bryant and Sons",7533 Cooper Underpass Suite 795 18881-9941,03-7372643,0.95,0.95,0.95,0.9499999999999998,AUTO_APPROVED,"Required customer fields are complete. Repeat evidence - name: 2, address: 2, SSN: 2."
2026-05-26T12:00:32.002355,22.02,W2_XL_input_clean_1115.pdf,clean,,,254-44-3211,Richardson and Sons PLC,79673 Natalie Street Suite 637 West Jason SD 32789-8414,58-9881216,0.0,0.0,0.95,0.31666666666666665,NEEDS_REVIEW,"Missing or incomplete customer field(s): employee_name, employee_address"
2026-05-26T12:00:46.978289,14.97,W2_XL_input_clean_1116.pdf,clean,,,790-13-2002,Pope and Sons Group,3056 Holloway Courts Suite 131 Port Spencer RI 33316-7130,42-1960986,0.0,0.0,0.95,0.31666666666666665,NEEDS_REVIEW,"Missing or incomplete customer field(s): employee_name, employee_address"
2026-05-26T12:00:56.141585,9.16,W2_XL_input_clean_1117.pdf,clean,Craig Rios,87924 Arnold Radial Robertsmouth IN 96813-1195,018-56-0380,Steele Ltd Inc,,22-0459580,0.95,0.95,0.95,0.9499999999999998,AUTO_APPROVED,"Required customer fields are complete. Repeat evidence - name: 2, address: 2, SSN: 2."
2026-05-26T12:01:13.203063,17.06,W2_XL_input_clean_1118.pdf,clean,Michelle Hicks,0121 Gary Islands Apt. Sandraport UT 35155-6840,176-98-9010,"Green, Thompson and Williams and Sons",268 Jacob Mountains Apt. 659 Loriburgh NC 47920-7235,72-8406699,0.95,0.95,0.95,0.9499999999999998,AUTO_APPROVED,"Required customer fields are complete. Repeat evidence - name: 2, address: 2, SSN: 2."
2026-05-26T12:01:36.941465,23.73,W2_XL_input_clean_1119.pdf,clean,Martin Becker,0482 Jenna Street Suite 862 Simmonsberg RI 44511-9961,420-83-7336,"George, Joseph and Acevedo LLC",440 April Mall Apt. West Andrew VT 22908-5492,80-6012027,0.95,0.95,0.95,0.9499999999999998,AUTO_APPROVED,"Required customer fields are complete. Repeat evidence - name: 2, address: 2, SSN: 2."
2026-05-26T12:02:47.605624,70.66,W2_XL_input_clean_1120.pdf,clean,David Matthews,1088 Brian Extensions Apt. 279 Michellestad OH 96830-1141,014-65-9433,"Grant, Morris and Fisher Group",,87-0501821,0.95,0.95,0.95,0.9499999999999998,AUTO_APPROVED,"Required customer fields are complete. Repeat evidence - name: 2, address: 2, SSN: 2."
2026-05-26T12:03:00.945998,13.34,W2_XL_input_clean_1121.pdf,clean,,,852-14-0412,"Thomas, Glenn and Price LLC",31432 Collins Lane Suite 877 East Brandonberg VT 37565-0913,35-4799316,0.0,0.0,0.95,0.31666666666666665,NEEDS_REVIEW,"Missing or incomplete customer field(s): employee_name, employee_address"
2026-05-26T12:03:12.166902,11.22,W2_XL_input_clean_1122.pdf,clean,Melanie Gibbs,1303 Zamora Island Apt. 469 New Scottville SD 45955-8102,751-46-9279,Jones-Ross LLC,,20-0223860,0.95,0.95,0.95,0.9499999999999998,AUTO_APPROVED,"Required customer fields are complete. Repeat evidence - name: 2, address: 2, SSN: 2."
2026-05-26T12:03:29.143105,16.97,W2_XL_input_clean_1123.pdf,clean,Melissa Smith,2441 Jeffrey Rest Suite 870 New Michaelview NV 97353-4156,397-69-8367,Nguyen-Davis LLC,,23-1471845,0.95,0.95,0.95,0.9499999999999998,AUTO_APPROVED,"Required customer fields are complete. Repeat evidence - name: 2, address: 2, SSN: 2."
2026-05-26T12:03:38.317512,9.17,W2_XL_input_clean_1124.pdf,clean,Brian Hicks,67523 Cody Villages Suite 643 Wendyfort WY 22955-5812,493-76-7446,Walker-Fitzgerald Inc,105 Howard Vista Suite 528 Lake Jenniferview MS 54662-5435,50-1022637,0.95,0.95,0.95,0.9499999999999998,AUTO_APPROVED,"Required customer fields are complete. Repeat evidence - name: 2, address: 2, SSN: 2."
2026-05-26T12:03:48.933120,10.61,W2_XL_input_clean_1125.pdf,clean,Alexander Todd,3864 Joshua Via Apt. 073 New Samueltown UT 61492-7660,651-48-8680,04317 Benson Garden,,30-6197559,0.95,0.95,0.95,0.9499999999999998,AUTO_APPROVED,"Required customer fields are complete. Repeat evidence - name: 2, address: 2, SSN: 2."
2026-05-26T12:04:02.087682,13.15,W2_XL_input_clean_1126.pdf,clean,Maria Osborne,700 Paul Circles East Paulachester NJ,620-72-7574,Bishop LLC Group,3151 Williams Radial Lake Jamesland VA 40404-3311,27-8519750,0.95,0.0,0.95,0.6333333333333333,NEEDS_REVIEW,Missing or incomplete customer field(s): employee_address
2026-05-26T12:04:19.362478,17.27,W2_XL_input_clean_1127.pdf,clean,Anthony Bowman,055 Simpson Valleys Suite 069 West Lindsey MS 78117-4908,088-95-1762,Lee and Sons Group,,43-1904144,0.95,0.95,0.95,0.9499999999999998,AUTO_APPROVED,"Required customer fields are complete. Repeat evidence - name: 2, address: 2, SSN: 2."
2026-05-26T12:04:31.846425,12.48,W2_XL_input_clean_1128.pdf,clean,,,522-49-1342,Newton Ltd Group,,42-6960984,0.0,0.0,0.95,0.31666666666666665,NEEDS_REVIEW,"Missing or incomplete customer field(s): employee_name, employee_address"
2026-05-26T12:04:42.293307,10.44,W2_XL_input_clean_1129.pdf,clean,,,542-91-1912,Cook-Cox and Sons,,40-4448590,0.0,0.0,0.95,0.31666666666666665,NEEDS_REVIEW,"Missing or incomplete customer field(s): employee_name, employee_address"
2026-05-26T12:04:57.319039,15.02,W2_XL_input_clean_1130.pdf,clean,Inc Ray-Foster,1128 Melinda Neck Suite 038 Lake Garystad OH 61460-8259,757-83-5406,Ray-Foster Inc,1128 Melinda Neck Suite 038 Lake Garystad OH 61460-8259,01-2365032,0.0,0.95,0.95,0.6333333333333333,NEEDS_REVIEW,Missing or incomplete customer field(s): employee_name
2026-05-26T12:05:16.247553,18.92,W2_XL_input_clean_1131.pdf,clean,Angela Sawyer,66095 Victoria Path Apt. West Marcoton MN 15603-9349,348-44-3552,Turner-Mcgee LLC,23227 Rogers Extension Port Amyborough MT 74983-6354,03-0460497,0.95,0.95,0.95,0.9499999999999998,AUTO_APPROVED,"Required customer fields are complete. Repeat evidence - name: 2, address: 2, SSN: 2."
2026-05-26T12:06:17.266301,61.01,W2_XL_input_clean_1132.pdf,clean,Christina Turner,4527 Herrera Gateway Apt. 151 Thomasburgh ID 96809-3272,461-20-3246,Preston Ltd Group,4467 Brady Orchard Apt. 925 East Tammy MT 63036-6271,61-3234126,0.95,0.95,0.95,0.9499999999999998,AUTO_APPROVED,"Required customer fields are complete. Repeat evidence - name: 2, address: 2, SSN: 2."
2026-05-26T12:06:32.884297,15.61,W2_XL_input_clean_1133.pdf,clean,Inc Alexander-Jacobs,16875 Lozano Knoll Apt. 874 West Williamtown MI 68086-8095,747-80-2333,Alexander-Jacobs Inc,16875 Lozano Knoll Apt. 874 West Williamtown MI 68086-8095,65-1636977,0.0,0.95,0.95,0.6333333333333333,NEEDS_REVIEW,Missing or incomplete customer field(s): employee_name
2026-05-26T12:06:51.189700,18.3,W2_XL_input_clean_1134.pdf,clean,Patrick Walters,912 Austin Ferry Suite 137 Port Travisland KY 96073-1051,868-11-8021,Castillo Ltd and Sons,,74-0016776,0.95,0.95,0.95,0.9499999999999998,AUTO_APPROVED,"Required customer fields are complete. Repeat evidence - name: 2, address: 2, SSN: 2."
2026-05-26T12:07:01.687102,10.49,W2_XL_input_clean_1135.pdf,clean,Stephanie Robinson,9107 Sherri Fork Suite 631 East Kevin IA 43084-1379,106-15-0349,Stephens LLC Group,,22-2723657,0.95,0.95,0.95,0.9499999999999998,AUTO_APPROVED,"Required customer fields are complete. Repeat evidence - name: 2, address: 2, SSN: 2."
2026-05-26T12:07:18.265465,16.57,W2_XL_input_clean_1136.pdf,clean,Alexis Rojas,467 Amy Fork Suite 767 East David AL 55974-9199,595-12-7642,"Jones, Harris and Kim Inc",981 Brian Highway Suite 824 South Chelsea OH 73663-8528,40-0377388,0.95,0.95,0.95,0.9499999999999998,AUTO_APPROVED,"Required customer fields are complete. Repeat evidence - name: 2, address: 2, SSN: 2."
2026-05-26T12:07:29.995249,11.72,W2_XL_input_clean_1137.pdf,clean,,,622-33-9568,Wilson-Atkins and Sons,2760 Jensen Dam Suite 636 Floreston NV 53958-2491,25-4463968,0.0,0.0,0.95,0.31666666666666665,NEEDS_REVIEW,"Missing or incomplete customer field(s): employee_name, employee_address"
2026-05-26T12:07:51.158612,21.16,W2_XL_input_clean_1138.pdf,clean,,,153-29-8425,"Johnson, Fletcher and Rose and Sons",,57-6893888,0.0,0.0,0.95,0.31666666666666665,NEEDS_REVIEW,"Missing or incomplete customer field(s): employee_name, employee_address"
2026-05-26T12:08:00.315461,9.15,W2_XL_input_clean_1139.pdf,clean,,,392-04-5826,"Gordon, Reed and Duran Inc",07832 Matthew Underpass Suite 193 Smithfort GA 69002-1546,65-5584503,0.0,0.0,0.95,0.31666666666666665,NEEDS_REVIEW,"Missing or incomplete customer field(s): employee_name, employee_address"
2026-05-26T12:08:08.727978,8.41,W2_XL_input_clean_1140.pdf,clean,,,293-66-6168,"Weber, Skinner and Fuller Ltd",,34-3781501,0.0,0.0,0.95,0.31666666666666665,NEEDS_REVIEW,"Missing or incomplete customer field(s): employee_name, employee_address"
2026-05-26T12:08:48.770266,40.04,W2_XL_input_clean_1141.pdf,clean,,,643-30-2996,Coleman-Shepherd and Sons,7281 Robin Road Suite 391 Jeffreyfurt FL 28057-4992,57-4209205,0.0,0.0,0.95,0.31666666666666665,NEEDS_REVIEW,"Missing or incomplete customer field(s): employee_name, employee_address"
2026-05-26T12:09:30.190452,41.41,W2_XL_input_clean_1142.pdf,clean,Donna Patel,35861 Dennis Tunnel Apt. New Elizabethport PA,389-55-8712,"Bryan, Nelson and Young Ltd",,75-7760572,0.95,0.0,0.95,0.6333333333333333,NEEDS_REVIEW,Missing or incomplete customer field(s): employee_address
2026-05-26T12:09:43.205435,13.01,W2_XL_input_clean_1143.pdf,clean,Ms. Ashley,18904 Mitchell View Robertbury VA 22701-9025,068-01-2802,Cunningham Ltd Inc,7567 Robertson Drive Suite 871 West Jose IL 27199-4417,74-3885994,0.95,0.95,0.95,0.9499999999999998,AUTO_APPROVED,"Required customer fields are complete. Repeat evidence - name: 2, address: 2, SSN: 2."
2026-05-26T12:09:59.760911,16.55,W2_XL_input_clean_1144.pdf,clean,Carolyn Collins,29563 Dunn Bridge Suite 289 Swansonberg CO 08902-9032,034-88-4646,Strickland Inc Ltd,81865 Jeffrey Motorway Suite 100 East Stephenbury NH 70197-0156,41-6142066,0.95,0.95,0.95,0.9499999999999998,AUTO_APPROVED,"Required customer fields are complete. Repeat evidence - name: 2, address: 2, SSN: 2."
2026-05-26T12:10:07.830118,8.06,W2_XL_input_clean_1145.pdf,clean,,,498-71-2917,"Randolph, Raymond and Sanchez Group",,54-8997942,0.0,0.0,0.95,0.31666666666666665,NEEDS_REVIEW,"Missing or incomplete customer field(s): employee_name, employee_address"
2026-05-26T12:11:01.268672,53.43,W2_XL_input_clean_1146.pdf,clean,Lisa Williams,404 Jackson Mills Apt. 645 Valeriefort VA 05465-3084,871-26-1992,"Kelley, Barber and Garcia and Sons",,50-0203526,0.95,0.95,0.95,0.9499999999999998,AUTO_APPROVED,"Required customer fields are complete. Repeat evidence - name: 2, address: 2, SSN: 2."
2026-05-26T12:11:24.838498,23.56,W2_XL_input_clean_1147.pdf,clean,Stephanie Hernandez,1264 Sierra Center Apt. 561 Lake Marcusport HI 96855-9873,685-17-4990,Hernandez Inc PLC,7769 Julie Road Tinaton NE 23828-7820,75-4738252,0.95,0.95,0.95,0.9499999999999998,AUTO_APPROVED,"Required customer fields are complete. Repeat evidence - name: 2, address: 2, SSN: 2."
2026-05-26T12:11:34.592533,9.75,W2_XL_input_clean_1148.pdf,clean,,,345-75-2546,Price-Ryan LLC,047 Mills Ford New Aprilberg NH 89099-4815,61-2857328,0.0,0.0,0.95,0.31666666666666665,NEEDS_REVIEW,"Missing or incomplete customer field(s): employee_name, employee_address"
2026-05-26T12:11:57.264322,22.67,W2_XL_input_clean_1149.pdf,clean,,,271-55-6036,Scott Inc Ltd,,81-3791180,0.0,0.0,0.95,0.31666666666666665,NEEDS_REVIEW,"Missing or incomplete customer field(s): employee_name, employee_address"
2026-05-26T12:13:48.051683,10.12,W2_XL_input_clean_1150.pdf,clean,,,218-35-9502,"Walker, Mcpherson and Chen Group",,85-2831918,0.0,0.0,0.95,0.31666666666666665,NEEDS_REVIEW,"Missing or incomplete customer field(s): employee_name, employee_address"
2026-05-26T12:14:09.597807,21.54,W2_XL_input_clean_1151.pdf,clean,Brenda Dixon,6408 Alexandra Points Lake Donnahaven OR 45497-6596,218-72-6137,Li LLC LLC,,76-1722564,0.95,0.95,0.95,0.9499999999999998,AUTO_APPROVED,"Required customer fields are complete. Repeat evidence - name: 2, address: 2, SSN: 2."
2026-05-26T12:14:25.991713,16.39,W2_XL_input_clean_1152.pdf,clean,,,568-21-1311,Hanson and Sons Ltd,,57-9839030,0.0,0.0,0.95,0.31666666666666665,NEEDS_REVIEW,"Missing or incomplete customer field(s): employee_name, employee_address"
2026-05-26T12:14:39.554147,13.56,W2_XL_input_clean_1153.pdf,clean,Benjamin Wright,9854 Brown Mission Suite 677 Lake Jamesbury CA,489-46-0111,"Knox, Robles and Burton PLC",,41-5868363,0.95,0.0,0.95,0.6333333333333333,NEEDS_REVIEW,Missing or incomplete customer field(s): employee_address
2026-05-26T12:14:52.234545,12.67,W2_XL_input_clean_1154.pdf,clean,George Blair,2627 James Island Apt. 517 West Christinebury IN,399-92-8360,Green-Bryan Ltd,8304 Joshua Well Suite 533 West Tiffany MN 97748-7968,42-7969659,0.95,0.0,0.95,0.6333333333333333,NEEDS_REVIEW,Missing or incomplete customer field(s): employee_address
2026-05-26T12:15:04.203440,11.96,W2_XL_input_clean_1155.pdf,clean,Deborah Williams,0604 Daniel Pines Amyberg IN 06565-4763,676-29-4089,"Cortez, Williams and Gilbert and Sons",16934 Gonzalez Pines Port Sean NV 46295-1549,10-1436241,0.95,0.95,0.95,0.9499999999999998,AUTO_APPROVED,"Required customer fields are complete. Repeat evidence - name: 2, address: 2, SSN: 2."
2026-05-26T12:15:32.328753,28.12,W2_XL_input_clean_1156.pdf,clean,Andrew Clark,654 Bates Port Apt. Wilsonland LA 54314-6421,648-95-8453,Matthews Ltd Inc,,76-9645025,0.95,0.95,0.95,0.9499999999999998,AUTO_APPROVED,"Required customer fields are complete. Repeat evidence - name: 2, address: 2, SSN: 2."
2026-05-26T12:15:46.535230,14.2,W2_XL_input_clean_1157.pdf,clean,Cameron Lowe,3330 Curtis Creek Apt. Robertobury MS 32710-8258,695-40-4375,Barajas-Martin Inc.,,27-1770424,0.95,0.95,0.95,0.9499999999999998,AUTO_APPROVED,"Required customer fields are complete. Repeat evidence - name: 2, address: 2, SSN: 2."
2026-05-26T12:15:58.485139,11.94,W2_XL_input_clean_1158.pdf,clean,,,500-54-2374,Harris-Trevino LLC,40285 Angela Stream Apt. Joshuachester NC 48466-5647,12-8284505,0.0,0.0,0.95,0.31666666666666665,NEEDS_REVIEW,"Missing or incomplete customer field(s): employee_name, employee_address"
2026-05-26T12:16:13.499829,15.01,W2_XL_input_clean_1159.pdf,clean,,,364-04-1837,Santiago Ltd LLC,503 Kayla Plains Lake Amyberg FL 11599-3168,52-2579011,0.0,0.0,0.95,0.31666666666666665,NEEDS_REVIEW,"Missing or incomplete customer field(s): employee_name, employee_address"
2026-05-26T12:16:35.681815,22.18,W2_XL_input_clean_1160.pdf,clean,Lori Harvey,386 Zoe Course Apt. 230 Port Erichaven OR 23884-5053,186-70-2445,Lindsey-Chandler PLC,,65-5532728,0.95,0.95,0.95,0.9499999999999998,AUTO_APPROVED,"Required customer fields are complete. Repeat evidence - name: 2, address: 2, SSN: 2."
2026-05-26T12:16:48.075962,12.39,W2_XL_input_clean_1161.pdf,clean,Group Oneill-Tucker,312 Patricia Stravenue Apt. 118 Jamesstad VA 06319-3026,196-96-7335,Oneill-Tucker Group,312 Patricia Stravenue Apt. 118 Jamesstad VA 06319-3026,73-4871434,0.0,0.95,0.95,0.6333333333333333,NEEDS_REVIEW,Missing or incomplete customer field(s): employee_name
2026-05-26T12:16:58.440094,10.36,W2_XL_input_clean_1162.pdf,clean,Joshua Campbell,9603 Michael Cliffs Apt. Crystalfurt GA 10441-7550,635-04-1994,Parks Ltd LLC,10243 Garcia Roads Suite 150 New Chelsea ME 69630-7070,52-4155730,0.95,0.95,0.95,0.9499999999999998,AUTO_APPROVED,"Required customer fields are complete. Repeat evidence - name: 2, address: 2, SSN: 2."
2026-05-26T12:18:20.189566,81.74,W2_XL_input_clean_1163.pdf,clean,Ronnie Mason,904 Perez Lakes Suite 337 Williamberg HI 36262-9068,514-93-0382,Hayes Group Ltd,2703 Perez Orchard Suite 096 Susanchester IL 66181-5495,39-1044489,0.95,0.95,0.95,0.9499999999999998,AUTO_APPROVED,"Required customer fields are complete. Repeat evidence - name: 2, address: 2, SSN: 2."
2026-05-26T12:18:30.538157,10.34,W2_XL_input_clean_1164.pdf,clean,Earl Hale,87576 Emily Mount Apt. 000 North Sandra MI 43776-8055,235-62-7879,"Marshall, Grant and Atkinson PLC",,20-4387327,0.95,0.95,0.95,0.9499999999999998,AUTO_APPROVED,"Required customer fields are complete. Repeat evidence - name: 2, address: 2, SSN: 2."
2026-05-26T12:18:41.351639,10.81,W2_XL_input_clean_1165.pdf,clean,Amanda Carrillo,11849 Jessica Extensions Apt. 699 West Stanley DE 42281-7697,121-06-9188,"Solomon, Ward and Stephens and Sons",,95-6592162,0.95,0.95,0.95,0.9499999999999998,AUTO_APPROVED,"Required customer fields are complete. Repeat evidence - name: 2, address: 2, SSN: 2."
2026-05-26T12:19:17.841888,36.49,W2_XL_input_clean_1166.pdf,clean,,,633-81-0841,Shepherd Ltd LLC,9427 Wolf Land Suite 999 South Anthony WI 82862-7649,23-6687379,0.0,0.0,0.95,0.31666666666666665,NEEDS_REVIEW,"Missing or incomplete customer field(s): employee_name, employee_address"
2026-05-26T12:19:30.338493,12.49,W2_XL_input_clean_1167.pdf,clean,Joseph Phillips,728 Freeman Forge Apt. 251 Port Kiara IA 48197-3995,184-80-4370,Miller-Thomas Inc,789 Jordan Parkways Suite 230 North Rachel AK 94722-3546,91-7925749,0.95,0.95,0.95,0.9499999999999998,AUTO_APPROVED,"Required customer fields are complete. Repeat evidence - name: 2, address: 2, SSN: 2."
2026-05-26T12:19:41.076646,10.73,W2_XL_input_clean_1168.pdf,clean,Ryan Torres,79626 Patricia Cliffs Apt. Lake Brianna IN 77503-9668,080-87-3312,"Barnes, Jacobs and Burke PLC",,56-0905613,0.95,0.95,0.95,0.9499999999999998,AUTO_APPROVED,"Required customer fields are complete. Repeat evidence - name: 2, address: 2, SSN: 2."
2026-05-26T12:19:52.026996,10.94,W2_XL_input_clean_1169.pdf,clean,Kim Robinson,160 Jeffrey Rapids Apt. 296 North Christopherberg AL 05771,027-48-8805,Gutierrez-Callahan Inc,271 Adam Drives Suite 029 East Johnfurt NJ 41426-5529,51-8666992,0.95,0.95,0.95,0.9499999999999998,AUTO_APPROVED,"Required customer fields are complete. Repeat evidence - name: 2, address: 2, SSN: 2."
2026-05-26T12:20:03.934839,11.9,W2_XL_input_clean_1170.pdf,clean,Shelby Clark,58186 Russell Road South Danielside OK 71210-8105,078-09-8487,Burns PLC Group,2175 Cortez Extension Suite 296 North Shannonside HI 44479-4725,61-7678882,0.95,0.95,0.95,0.9499999999999998,AUTO_APPROVED,"Required customer fields are complete. Repeat evidence - name: 2, address: 2, SSN: 2."
2026-05-26T12:20:22.942814,19.0,W2_XL_input_clean_1171.pdf,clean,Christopher Brown,68294 Vang Trail Apt. 054 Lake Isaacton MN 21477-9260,838-25-4547,Powers-Wilkinson PLC,378 Myers Burgs Apt. 613 Nathanielstad CT 10116-3178,93-1390885,0.95,0.95,0.95,0.9499999999999998,AUTO_APPROVED,"Required customer fields are complete. Repeat evidence - name: 2, address: 2, SSN: 2."
2026-05-26T12:20:41.393894,18.45,W2_XL_input_clean_1172.pdf,clean,Kevin Harrington,1035 Mary Villages Apt. 800 New Miranda ID 35615-3458,754-32-3306,Santos-Jones Ltd,,76-5901145,0.95,0.95,0.95,0.9499999999999998,AUTO_APPROVED,"Required customer fields are complete. Repeat evidence - name: 2, address: 2, SSN: 2."
2026-05-26T12:21:06.037161,24.64,W2_XL_input_clean_1173.pdf,clean,Larry Barnes,95223 Patricia Rapids Apt. 637 North Morgan UT 76910-9305,635-20-1790,Bowen Group Inc,0115 Alvarado Glen Apt. 259 East Lauren UT 53709-3541,22-3222338,0.95,0.95,0.95,0.9499999999999998,AUTO_APPROVED,"Required customer fields are complete. Repeat evidence - name: 2, address: 2, SSN: 2."
2026-05-26T12:22:41.228953,95.19,W2_XL_input_clean_1174.pdf,clean,Christian Armstrong,8365 Katherine Grove Apt. 350 New Davidmouth TX,373-85-0443,"Hoffman, Clark and Glenn Ltd",18432 Adrienne Crescent Suite 717 West Kristin KY 92097-5373,51-0291196,0.95,0.0,0.95,0.6333333333333333,NEEDS_REVIEW,Missing or incomplete customer field(s): employee_address
2026-05-26T12:22:50.368136,9.13,W2_XL_input_clean_1175.pdf,clean,Regina Allen,385 Brown Mall Apt. South Daniel FL 38346-0174,140-92-7917,"Smith,",685 Peterson Squares Suite 947 Roachland IN 90407-8682,88-6822605,0.95,0.95,0.95,0.9499999999999998,AUTO_APPROVED,"Required customer fields are complete. Repeat evidence - name: 2, address: 2, SSN: 2."
2026-05-26T12:22:59.437988,9.06,W2_XL_input_clean_1176.pdf,clean,,,373-32-2429,Spencer Ltd LLC,,33-0636720,0.0,0.0,0.95,0.31666666666666665,NEEDS_REVIEW,"Missing or incomplete customer field(s): employee_name, employee_address"
2026-05-26T12:23:14.611526,15.17,W2_XL_input_clean_1177.pdf,clean,,,114-81-3138,Smith-Kennedy Inc,,59-1060564,0.0,0.0,0.95,0.31666666666666665,NEEDS_REVIEW,"Missing or incomplete customer field(s): employee_name, employee_address"
2026-05-26T12:23:24.818910,10.2,W2_XL_input_clean_1178.pdf,clean,Miranda Miller,0668 Angela Shores Adammouth VT 43831-7100,225-48-0355,"Solis,",,62-8314293,0.95,0.95,0.95,0.9499999999999998,AUTO_APPROVED,"Required customer fields are complete. Repeat evidence - name: 2, address: 2, SSN: 2."
2026-05-26T12:24:30.833769,66.01,W2_XL_input_clean_1179.pdf,clean,Samantha Figueroa,941 Alyssa Ferry Apt. 481 Port Eileen IL 85397-3003,512-21-3733,Wright-Hall Ltd,,59-5939181,0.95,0.95,0.95,0.9499999999999998,AUTO_APPROVED,"Required customer fields are complete. Repeat evidence - name: 2, address: 2, SSN: 2."
2026-05-26T12:24:45.111345,14.27,W2_XL_input_clean_1180.pdf,clean,,,671-75-6983,"Casey, Green and Morales Ltd",09741 Cassandra Light Apt. 584 Craigbury AR 13746-3381,32-3883575,0.0,0.0,0.95,0.31666666666666665,NEEDS_REVIEW,"Missing or incomplete customer field(s): employee_name, employee_address"
2026-05-26T12:25:06.401872,21.28,W2_XL_input_clean_1181.pdf,clean,David Rogers,72528 Cline Crescent West Alison KS 88311-9296,788-73-9129,Harris-Boyd and Sons,,64-6597678,0.95,0.95,0.95,0.9499999999999998,AUTO_APPROVED,"Required customer fields are complete. Repeat evidence - name: 2, address: 2, SSN: 2."
2026-05-26T12:25:37.264510,30.86,W2_XL_input_clean_1182.pdf,clean,,,407-78-1906,"Johnson, Fischer and Dunn Ltd",,84-4569151,0.0,0.0,0.95,0.31666666666666665,NEEDS_REVIEW,"Missing or incomplete customer field(s): employee_name, employee_address"
2026-05-26T12:25:47.518108,10.25,W2_XL_input_clean_1183.pdf,clean,Michael Hampton,4581 Mary Manor Apt. 944 Rebeccaberg ID 92314-7755,354-26-5152,"Burton, Peters and Mitchell Group",,92-4094670,0.95,0.95,0.95,0.9499999999999998,AUTO_APPROVED,"Required customer fields are complete. Repeat evidence - name: 2, address: 2, SSN: 2."
2026-05-26T12:26:05.549748,18.03,W2_XL_input_clean_1184.pdf,clean,Haley Glover,043 Debra Center Suite 059 Edwardstad FL 40795-0894,522-31-7398,Williams-Ford Group,,54-2601561,0.95,0.95,0.95,0.9499999999999998,AUTO_APPROVED,"Required customer fields are complete. Repeat evidence - name: 2, address: 2, SSN: 2."
2026-05-26T12:26:24.033472,18.48,W2_XL_input_clean_1185.pdf,clean,Andrea Horn,6000 Michael Drives Suite 888 Ronnieland WY 51331-7531,131-40-0441,Henry-Jones Inc,,55-6364801,0.95,0.95,0.95,0.9499999999999998,AUTO_APPROVED,"Required customer fields are complete. Repeat evidence - name: 2, address: 2, SSN: 2."
2026-05-26T12:26:42.525325,18.48,W2_XL_input_clean_1186.pdf,clean,Green Mckenzie,691 Alyssa Port Suite 227 South Ralphshire AZ 08708-4203,813-26-1036,Miller-Rivera PLC,06879 Parsons Prairie Apt. 606 North Travisburgh ND 32588-2585,52-8428534,0.95,0.95,0.95,0.9499999999999998,AUTO_APPROVED,"Required customer fields are complete. Repeat evidence - name: 2, address: 2, SSN: 2."
2026-05-26T12:27:08.522736,25.99,W2_XL_input_clean_1187.pdf,clean,Laurie Campbell,5573 Shannon Inlet Apt. 857 Robertland NY 67240-8178,295-08-0263,"Huff, Cooke and George Inc",151 Norris Views Apt. 970 Lake Barbarachester MD,65-0955629,0.95,0.95,0.95,0.9499999999999998,AUTO_APPROVED,"Required customer fields are complete. Repeat evidence - name: 2, address: 2, SSN: 2."
2026-05-26T12:27:20.162921,11.63,W2_XL_input_clean_1188.pdf,clean,William Prince,50698 Avila Via Apt. 703 Walterfurt OR 93811-6023,004-93-1215,"Glover, Williams and Sparks PLC",361 Joshua Plains Cynthiachester IA 97803-1461,32-4483594,0.95,0.95,0.95,0.9499999999999998,AUTO_APPROVED,"Required customer fields are complete. Repeat evidence - name: 2, address: 2, SSN: 2."
2026-05-26T12:27:32.875491,12.71,W2_XL_input_clean_1189.pdf,clean,John Bass,902 Jacob Junctions Apt. North Jessicastad KS 37310-4058,333-49-7645,Brady-Nelson Ltd,,06-4743360,0.95,0.95,0.95,0.9499999999999998,AUTO_APPROVED,"Required customer fields are complete. Repeat evidence - name: 2, address: 2, SSN: 2."
2026-05-26T12:27:44.036475,11.15,W2_XL_input_clean_1190.pdf,clean,,,807-70-9709,"Bailey, Miller and Smith Group",,73-9511111,0.0,0.0,0.95,0.31666666666666665,NEEDS_REVIEW,"Missing or incomplete customer field(s): employee_name, employee_address"
2026-05-26T12:27:53.510658,9.47,W2_XL_input_clean_1191.pdf,clean,James Wilson,2440 Marvin Throughway Stephenhaven FL 79976-9524,319-89-0164,Robinson Group Ltd,81945 Bowman Skyway Suite 484 Cherylstad OK 32391-6642,82-8255352,0.95,0.95,0.95,0.9499999999999998,AUTO_APPROVED,"Required customer fields are complete. Repeat evidence - name: 2, address: 2, SSN: 2."
2026-05-26T12:28:10.034406,16.52,W2_XL_input_clean_1192.pdf,clean,Shelly Holmes,131 Smith Meadows Suite 680 East Larry GA 39926-1617,830-88-6980,"White, Summers and Garcia LLC",3962 Williams Lock Reedton ND 85447-8932,05-1005115,0.95,0.95,0.95,0.9499999999999998,AUTO_APPROVED,"Required customer fields are complete. Repeat evidence - name: 2, address: 2, SSN: 2."
2026-05-26T12:28:19.799870,9.76,W2_XL_input_clean_1193.pdf,clean,Kayla Morales,21034 Madison Land Suite 882 West Daniellefurt ID,851-04-7748,"Chandler, Moore and Grant Inc",,15-8931213,0.95,0.0,0.95,0.6333333333333333,NEEDS_REVIEW,Missing or incomplete customer field(s): employee_address
2026-05-26T12:28:35.042077,15.24,W2_XL_input_clean_1194.pdf,clean,Emily Schwartz,29243 Blackwell Well Suite 860 Edwardton MT 69469-3859,334-71-1267,Reyes-Hill LLC,1880 Hayes Islands Apt. 615 Jaclynchester OR 73052-5204,87-8865523,0.95,0.95,0.95,0.9499999999999998,AUTO_APPROVED,"Required customer fields are complete. Repeat evidence - name: 2, address: 2, SSN: 2."
2026-05-26T12:29:19.538159,44.49,W2_XL_input_clean_1195.pdf,clean,,,896-65-5539,"Kennedy, Walker and Anderson PLC",,67-8841878,0.0,0.0,0.95,0.31666666666666665,NEEDS_REVIEW,"Missing or incomplete customer field(s): employee_name, employee_address"
2026-05-26T12:29:31.188105,11.64,W2_XL_input_clean_1196.pdf,clean,,,838-36-8396,"Garcia, Spencer and Henderson Group",,80-7937301,0.0,0.0,0.95,0.31666666666666665,NEEDS_REVIEW,"Missing or incomplete customer field(s): employee_name, employee_address"
2026-05-26T12:29:43.618221,12.42,W2_XL_input_clean_1197.pdf,clean,,,678-28-1274,"Peters, Gill and Ryan Ltd",,80-8961916,0.0,0.0,0.95,0.31666666666666665,NEEDS_REVIEW,"Missing or incomplete customer field(s): employee_name, employee_address"
2026-05-26T12:29:53.452726,9.83,W2_XL_input_clean_1198.pdf,clean,Kayla Torres,83545 Brady Wall Apt. 470 North Carol DE 02261-9428,615-68-3862,Dunn-Floyd Ltd,,43-8842742,0.95,0.95,0.95,0.9499999999999998,AUTO_APPROVED,"Required customer fields are complete. Repeat evidence - name: 2, address: 2, SSN: 2."
2026-05-26T12:30:22.850039,29.39,W2_XL_input_clean_1199.pdf,clean,,,706-24-6819,Diaz PLC Inc,89129 Wesley Junctions Suite 518 North Adriana OH 52281-5993,81-0327604,0.0,0.0,0.95,0.31666666666666665,NEEDS_REVIEW,"Missing or incomplete customer field(s): employee_name, employee_address"
2026-05-26T12:35:40.339820,14.23,W2_XL_input_clean_1200.pdf,clean,,,399-71-5465,Miller Group and Sons,,94-6803440,0.0,0.0,0.95,0.31666666666666665,NEEDS_REVIEW,"Missing or incomplete customer field(s): employee_name, employee_address"
2026-05-26T12:36:09.827190,29.48,W2_XL_input_clean_1201.pdf,clean,Veronica Martinez,17157 Howard Street 37839-4199,275-50-8196,"Diaz, Stout and Martin Inc",423 Melanie Islands Suite 462 Joelside PA 43261-5685,46-9100181,0.95,0.0,0.95,0.6333333333333333,NEEDS_REVIEW,Missing or incomplete customer field(s): employee_address
2026-05-26T12:36:27.313258,17.48,W2_XL_input_clean_1202.pdf,clean,Margaret Evans,40608 James Corner Apt. 559 Riveraberg CO 98842-2126,294-45-8590,Bates-Norman Ltd,643 Kristine Knoll Apt. 043 Stonehaven NY 66550-0236,47-9248385,0.95,0.95,0.95,0.9499999999999998,AUTO_APPROVED,"Required customer fields are complete. Repeat evidence - name: 2, address: 2, SSN: 2."
2026-05-26T12:36:45.479904,18.16,W2_XL_input_clean_1203.pdf,clean,Robert Hamilton,4690 Barber Divide Suite 660 Rodriguezview MI 47080-5602,693-15-4415,Lewis Group PLC,,90-0332604,0.95,0.95,0.95,0.9499999999999998,AUTO_APPROVED,"Required customer fields are complete. Repeat evidence - name: 2, address: 2, SSN: 2."
2026-05-26T12:37:05.677914,20.19,W2_XL_input_clean_1204.pdf,clean,Sierra French,56150 Timothy Spurs Apt. 123 Kurtburgh KS 28462-9898,285-64-5993,Delacruz-Ho LLC,6338 Marc Skyway Suite 883 New Tracy MN 17461-8203,76-6840814,0.95,0.95,0.95,0.9499999999999998,AUTO_APPROVED,"Required customer fields are complete. Repeat evidence - name: 2, address: 2, SSN: 2."
2026-05-26T12:37:22.076889,16.39,W2_XL_input_clean_1205.pdf,clean,Jacob Thomas,3267 Nelson Drive Suite 521 Graystad MI 89385-4547,158-59-0210,"Robinson, May and Rivera Group",56953 Charles Creek Suite 808 Barneshaven MT 05989-5298,46-1362687,0.95,0.95,0.95,0.9499999999999998,AUTO_APPROVED,"Required customer fields are complete. Repeat evidence - name: 2, address: 2, SSN: 2."
2026-05-26T12:37:43.027384,20.94,W2_XL_input_clean_1206.pdf,clean,Amber Harris,537 Nichols Brooks Suite 543 Anthonyfort SC 70824-0925,532-67-2019,Alvarez Inc and Sons,,92-0684730,0.95,0.95,0.95,0.9499999999999998,AUTO_APPROVED,"Required customer fields are complete. Repeat evidence - name: 2, address: 2, SSN: 2."
2026-05-26T12:38:08.102354,25.07,W2_XL_input_clean_1207.pdf,clean,Donna Rich,0030 Cisneros Tunnel Apt. 553 Millertown NC 46839-9036,159-77-8539,Smith-Smith Ltd,689 Monique Haven Apt. 844 New Tammyland VT 46874-3307,99-2348813,0.95,0.95,0.95,0.9499999999999998,AUTO_APPROVED,"Required customer fields are complete. Repeat evidence - name: 2, address: 2, SSN: 2."
2026-05-26T12:38:57.442301,49.33,W2_XL_input_clean_1208.pdf,clean,Mary Thompson,70924 Graham Center Suite 989 Kaylashire VA 81621-2986,711-25-8886,Smith Group PLC,5957 Simpson Summit Apt. 259 Christinefort KY 62325-3109,88-5242089,0.95,0.95,0.95,0.9499999999999998,AUTO_APPROVED,"Required customer fields are complete. Repeat evidence - name: 2, address: 2, SSN: 2."
2026-05-26T12:39:16.730159,19.28,W2_XL_input_clean_1209.pdf,clean,,,726-08-1681,Young-Peterson and Sons,87335 Anderson Trafficway Suite 072 West Heatherside KS 23634-6803,85-6343803,0.0,0.0,0.95,0.31666666666666665,NEEDS_REVIEW,"Missing or incomplete customer field(s): employee_name, employee_address"
2026-05-26T12:39:48.909463,32.17,W2_XL_input_clean_1210.pdf,clean,,,289-02-0762,Schneider-Best Group,,20-9980120,0.0,0.0,0.95,0.31666666666666665,NEEDS_REVIEW,"Missing or incomplete customer field(s): employee_name, employee_address"
2026-05-26T12:39:59.877742,10.96,W2_XL_input_clean_1211.pdf,clean,,,444-13-7461,"Kerr, Macdonald and Anderson Ltd",,82-1737253,0.0,0.0,0.95,0.31666666666666665,NEEDS_REVIEW,"Missing or incomplete customer field(s): employee_name, employee_address"
2026-05-26T12:40:08.739348,8.85,W2_XL_input_clean_1212.pdf,clean,,,555-72-4824,"Campbell, Murphy and Cook LLC",,99-6957558,0.0,0.0,0.95,0.31666666666666665,NEEDS_REVIEW,"Missing or incomplete customer field(s): employee_name, employee_address"
2026-05-26T12:40:18.848067,10.1,W2_XL_input_clean_1213.pdf,clean,Victoria Lopez,402 Reeves Street Suite 018 East James NH 43498-1055,693-91-1076,Wilson PLC Group,,04-5244177,0.95,0.95,0.95,0.9499999999999998,AUTO_APPROVED,"Required customer fields are complete. Repeat evidence - name: 2, address: 2, SSN: 2."
2026-05-26T12:40:29.379722,10.52,W2_XL_input_clean_1214.pdf,clean,,,148-27-5028,Flores-Mclean PLC,,03-7979627,0.0,0.0,0.95,0.31666666666666665,NEEDS_REVIEW,"Missing or incomplete customer field(s): employee_name, employee_address"
2026-05-26T12:40:39.534637,10.15,W2_XL_input_clean_1215.pdf,clean,Robert Richardson,144 Golden Trail Timothyborough KY 40531-7435,162-36-0117,Bauer Ltd PLC,96368 Turner Stravenue Suite 771 West Lawrence SC 05589-2461,58-9428955,0.95,0.95,0.95,0.9499999999999998,AUTO_APPROVED,"Required customer fields are complete. Repeat evidence - name: 2, address: 2, SSN: 2."
2026-05-26T12:40:55.549591,16.01,W2_XL_input_clean_1216.pdf,clean,Joseph Gonzalez,3520 Christy Falls Apt. 641 Port Arthur IL 81406-4748,089-88-6254,"Williams, Moore and Leonard Inc",6152 Sanders Views Apt. 366 Port Lori AZ 88213-1252,34-9590233,0.95,0.95,0.95,0.9499999999999998,AUTO_APPROVED,"Required customer fields are complete. Repeat evidence - name: 2, address: 2, SSN: 2."
2026-05-26T12:41:41.503998,45.95,W2_XL_input_clean_1217.pdf,clean,,,760-70-6926,Rowe Group LLC,478 Rice Vista Apt. 465 Johnsonstad SC 10040-4619,40-6889960,0.0,0.0,0.95,0.31666666666666665,NEEDS_REVIEW,"Missing or incomplete customer field(s): employee_name, employee_address"
2026-05-26T12:42:12.462731,30.95,W2_XL_input_clean_1218.pdf,clean,,,625-51-6146,Owen Ltd Inc,,04-3585886,0.0,0.0,0.95,0.31666666666666665,NEEDS_REVIEW,"Missing or incomplete customer field(s): employee_name, employee_address"
2026-05-26T12:42:25.702495,13.23,W2_XL_input_clean_1219.pdf,clean,Edward Skinner,222 Justin Prairie Apt. 325 Harristown VA 21270-0452,217-30-8990,Silva-Sullivan Ltd,,02-1438653,0.95,0.95,0.95,0.9499999999999998,AUTO_APPROVED,"Required customer fields are complete. Repeat evidence - name: 2, address: 2, SSN: 2."
2026-05-26T12:42:37.245302,11.54,W2_XL_input_clean_1220.pdf,clean,Kathleen Erickson,52799 Moran Mountains Apt. Erinshire SD 85456-6785,166-23-7778,Harris Inc Ltd,,47-9360329,0.95,0.95,0.95,0.9499999999999998,AUTO_APPROVED,"Required customer fields are complete. Repeat evidence - name: 2, address: 2, SSN: 2."
2026-05-26T12:42:48.900978,11.65,W2_XL_input_clean_1221.pdf,clean,Bridget Parks,260 Curtis Views Apt. 919 Brianborough MN 78677-1708,742-74-7760,Kramer Ltd LLC,,98-2467169,0.95,0.95,0.95,0.9499999999999998,AUTO_APPROVED,"Required customer fields are complete. Repeat evidence - name: 2, address: 2, SSN: 2."
2026-05-26T12:43:03.540361,14.63,W2_XL_input_clean_1222.pdf,clean,Laura Hicks,6762 Robert Court Cruzside CA 45061-6162,436-69-8224,"White,",58907 Amy Knoll Suite 461 South Jody AR 36179-9445,82-8412504,0.95,0.95,0.95,0.9499999999999998,AUTO_APPROVED,"Required customer fields are complete. Repeat evidence - name: 2, address: 2, SSN: 2."
2026-05-26T12:43:17.867390,14.32,W2_XL_input_clean_1223.pdf,clean,Christopher Adams,28348 Bolton Freeway South Robert AK 34835-8666,451-19-5712,"Allen, Garcia and Rojas and Sons",,42-5259698,0.95,0.95,0.95,0.9499999999999998,AUTO_APPROVED,"Required customer fields are complete. Repeat evidence - name: 2, address: 2, SSN: 2."
2026-05-26T12:43:29.397634,11.52,W2_XL_input_clean_1224.pdf,clean,Angela Young,9094 Cathy Throughway Apt. 661 Meltonhaven SD 64963-4877,729-18-6731,Bartlett Group Inc,7488 Melissa Street Blaketon CT 22747-3889,48-9784252,0.95,0.95,0.95,0.9499999999999998,AUTO_APPROVED,"Required customer fields are complete. Repeat evidence - name: 2, address: 2, SSN: 2."
2026-05-26T12:43:43.346940,13.94,W2_XL_input_clean_1225.pdf,clean,Mary Morton,913 Lynn Squares Suite 958 Lake Erica NH 59567-6529,137-29-9942,Thomas-Kaufman Group,84330 Sarah Land Suite 320 Kristinton FL 60576-2469,72-9947744,0.95,0.95,0.95,0.9499999999999998,AUTO_APPROVED,"Required customer fields are complete. Repeat evidence - name: 2, address: 2, SSN: 2."
2026-05-26T12:44:46.900744,63.55,W2_XL_input_clean_1226.pdf,clean,David Campbell,9090 Donald Cliff Apt. Davidstad MI 47880-1669,579-45-7848,"Schwartz, Maddox and Stephens Inc",4969 Dustin Valley Suite 529 West Teresamouth SD 01653-7581,62-6537902,0.95,0.95,0.95,0.9499999999999998,AUTO_APPROVED,"Required customer fields are complete. Repeat evidence - name: 2, address: 2, SSN: 2."
2026-05-26T12:45:06.598353,19.69,W2_XL_input_clean_1227.pdf,clean,Megan Dixon,901 Estrada Views Suite 078 East Albert AL 03720-7132,405-68-2971,Duncan-Diaz LLC,96544 Keith Neck Apt. 518 Stevenburgh KS 57500-4556,26-9773450,0.95,0.95,0.95,0.9499999999999998,AUTO_APPROVED,"Required customer fields are complete. Repeat evidence - name: 2, address: 2, SSN: 2."
2026-05-26T12:45:21.237871,14.63,W2_XL_input_clean_1228.pdf,clean,,,338-68-6774,"Rodriguez, Jennings and Olson Inc",5844 Melissa Springs Suite 977 Sullivanside UT 26221-2399,84-8640205,0.0,0.0,0.95,0.31666666666666665,NEEDS_REVIEW,"Missing or incomplete customer field(s): employee_name, employee_address"
2026-05-26T12:45:38.896411,17.65,W2_XL_input_clean_1229.pdf,clean,Michael Rasmussen,5786 Christopher Circles Stacyton UT 01070-2782,466-76-5384,Smith-Duarte Group,1646 Justin Groves Suite 259 East Davidside MD 45021-6141,74-9002279,0.95,0.95,0.95,0.9499999999999998,AUTO_APPROVED,"Required customer fields are complete. Repeat evidence - name: 2, address: 2, SSN: 2."
2026-05-26T12:45:52.564345,13.66,W2_XL_input_clean_1230.pdf,clean,Michael Randall,334 Roberts Run Suite 133 Fosterchester DE 25628-4103,482-36-4373,Frey-Wong Inc,237 Wilkins Branch Suite 897 Josephland TX 97061-8847,36-8081763,0.95,0.95,0.95,0.9499999999999998,AUTO_APPROVED,"Required customer fields are complete. Repeat evidence - name: 2, address: 2, SSN: 2."
2026-05-26T12:46:04.375277,11.8,W2_XL_input_clean_1231.pdf,clean,,,661-19-6528,"Davis,",32541 Timothy Rapid Apt. 689 Cynthiafort IA 33758-9328,86-3227844,0.0,0.0,0.95,0.31666666666666665,NEEDS_REVIEW,"Missing or incomplete customer field(s): employee_name, employee_address"
2026-05-26T12:46:15.250284,10.87,W2_XL_input_clean_1232.pdf,clean,Dennis Patterson,77238 Caldwell Station Apt. 237 East Russell SD 42987-3253,396-36-5355,Scott-Eaton Inc,,32-1354009,0.95,0.95,0.95,0.9499999999999998,AUTO_APPROVED,"Required customer fields are complete. Repeat evidence - name: 2, address: 2, SSN: 2."
2026-05-26T12:46:27.915938,12.66,W2_XL_input_clean_1233.pdf,clean,John Brown,389 Wilson Plains Padillaton GA 91069-5063,516-02-9097,"Logan, Sparks and Keller Inc",769 Perry Place Suite 346 West Williamfurt OH 43465-3108,86-5400333,0.95,0.95,0.95,0.9499999999999998,AUTO_APPROVED,"Required customer fields are complete. Repeat evidence - name: 2, address: 2, SSN: 2."
2026-05-26T12:46:35.766119,7.84,W2_XL_input_clean_1234.pdf,clean,,,229-64-6753,Davis Inc Group,,02-6729995,0.0,0.0,0.95,0.31666666666666665,NEEDS_REVIEW,"Missing or incomplete customer field(s): employee_name, employee_address"
2026-05-26T12:46:46.241379,10.47,W2_XL_input_clean_1235.pdf,clean,Laura Robbins,265 Dawn Lodge Apt. Hobbsberg MS 27998-7987,411-06-8776,James-Proctor Group,,91-8273116,0.95,0.95,0.95,0.9499999999999998,AUTO_APPROVED,"Required customer fields are complete. Repeat evidence - name: 2, address: 2, SSN: 2."
2026-05-26T12:46:56.842102,10.59,W2_XL_input_clean_1236.pdf,clean,Michael Jarvis,10196 Mason Plains Josephfort ID 62453-2591,811-19-6273,"Ashley, Nichols and Gomez and Sons",,68-4595856,0.95,0.95,0.95,0.9499999999999998,AUTO_APPROVED,"Required customer fields are complete. Repeat evidence - name: 2, address: 2, SSN: 2."
2026-05-26T12:47:07.759945,10.91,W2_XL_input_clean_1237.pdf,clean,,,583-24-8389,"Martin, Finley and Adams Group",,55-1198496,0.0,0.0,0.95,0.31666666666666665,NEEDS_REVIEW,"Missing or incomplete customer field(s): employee_name, employee_address"
2026-05-26T12:47:26.185092,18.42,W2_XL_input_clean_1238.pdf,clean,Beth Johnson,385 Griffith Island Suite 490,434-80-1285,Cannon-Mccarty Ltd,,71-1165495,0.95,0.0,0.95,0.6333333333333333,NEEDS_REVIEW,Missing or incomplete customer field(s): employee_address
2026-05-26T12:47:37.356237,11.16,W2_XL_input_clean_1239.pdf,clean,,,675-16-9765,"Hill, Morrison and Tucker Ltd",,22-7374544,0.0,0.0,0.95,0.31666666666666665,NEEDS_REVIEW,"Missing or incomplete customer field(s): employee_name, employee_address"
2026-05-26T12:47:48.780509,11.42,W2_XL_input_clean_1240.pdf,clean,Richard Hart,3435 Nicole Turnpike Suite New Matthewland OK 74422-8636,740-12-0002,Cervantes-Morales PLC,299 Young Stream East Faith LA 02483-2035,48-9321709,0.95,0.95,0.95,0.9499999999999998,AUTO_APPROVED,"Required customer fields are complete. Repeat evidence - name: 2, address: 2, SSN: 2."
2026-05-26T12:48:04.624811,15.83,W2_XL_input_clean_1241.pdf,clean,Jason Dudley,717 Delacruz Locks Suite 266 South Matthewburgh NV,406-97-4665,"Johnson, Roy and Martin LLC",83909 Jeffrey Loop Suite 842 Toniside NV 38676-3951,15-6228698,0.95,0.0,0.95,0.6333333333333333,NEEDS_REVIEW,Missing or incomplete customer field(s): employee_address
2026-05-26T12:48:19.645685,15.01,W2_XL_input_clean_1242.pdf,clean,,,027-68-4177,Wilson-Powell LLC,,10-5088904,0.0,0.0,0.95,0.31666666666666665,NEEDS_REVIEW,"Missing or incomplete customer field(s): employee_name, employee_address"
2026-05-26T12:48:29.782978,10.13,W2_XL_input_clean_1243.pdf,clean,,,568-20-8440,Hicks LLC Inc,,81-3167870,0.0,0.0,0.95,0.31666666666666665,NEEDS_REVIEW,"Missing or incomplete customer field(s): employee_name, employee_address"
2026-05-26T12:48:41.424588,11.63,W2_XL_input_clean_1244.pdf,clean,Paul Contreras,232 Teresa Fords Apt. 807 West Davidfort MD 94308-8137,648-70-9273,Rodriguez-Valdez PLC,,75-0407580,0.95,0.95,0.95,0.9499999999999998,AUTO_APPROVED,"Required customer fields are complete. Repeat evidence - name: 2, address: 2, SSN: 2."
2026-05-26T12:49:02.912610,21.48,W2_XL_input_clean_1245.pdf,clean,Bruce Young,1763 Brian Wall Suite 997 Ricestad LA 59007-4021,232-95-0059,"English, Smith and Clark and Sons",18341 Fisher Cape Suite 790 Johnsonborough IL 58763-9111,20-3932493,0.95,0.95,0.95,0.9499999999999998,AUTO_APPROVED,"Required customer fields are complete. Repeat evidence - name: 2, address: 2, SSN: 2."
2026-05-26T12:49:22.866545,19.94,W2_XL_input_clean_1246.pdf,clean,,,862-12-4167,Frank LLC PLC,,73-3698308,0.0,0.0,0.95,0.31666666666666665,NEEDS_REVIEW,"Missing or incomplete customer field(s): employee_name, employee_address"
2026-05-26T12:49:33.197202,10.32,W2_XL_input_clean_1247.pdf,clean,Cody Butler,062 Mercado Forge Suite 445 Lake Brittneyside SC,809-05-7400,Mcmahon Ltd Group,,62-1445541,0.95,0.0,0.95,0.6333333333333333,NEEDS_REVIEW,Missing or incomplete customer field(s): employee_address
2026-05-26T12:49:44.770871,11.56,W2_XL_input_clean_1248.pdf,clean,Donald Coleman,970 Donna Cape Apt. 913 New Michaelbury AL 03103-3536,663-73-7547,Wright-Joseph LLC,,02-7654211,0.95,0.95,0.95,0.9499999999999998,AUTO_APPROVED,"Required customer fields are complete. Repeat evidence - name: 2, address: 2, SSN: 2."
2026-05-26T12:49:57.656174,12.88,W2_XL_input_clean_1249.pdf,clean,,,796-77-6855,Sullivan and Sons Inc,,14-4278656,0.0,0.0,0.95,0.31666666666666665,NEEDS_REVIEW,"Missing or incomplete customer field(s): employee_name, employee_address"
2026-05-26T12:52:27.257667,9.94,W2_XL_input_clean_1250.pdf,clean,Dustin Hansen,916 Weaver Ways Suite 120 West Christystad NC 93948-9612,457-86-2543,Carter Inc Group,5234 Meagan Lane Apt. 746 South Amyburgh MD 67506-7078,16-4042040,0.95,0.95,0.95,0.9499999999999998,AUTO_APPROVED,"Required customer fields are complete. Repeat evidence - name: 2, address: 2, SSN: 2."
2026-05-26T12:52:50.737480,23.47,W2_XL_input_clean_1251.pdf,clean,,,053-23-6720,Christensen-Brown LLC,2427 Melissa Vista Suite 083 Kyleville MT 06865-9887,98-4447991,0.0,0.0,0.95,0.31666666666666665,NEEDS_REVIEW,"Missing or incomplete customer field(s): employee_name, employee_address"
2026-05-26T12:53:13.478132,22.73,W2_XL_input_clean_1252.pdf,clean,Luis Warren,722 Smith Throughway Kimberlytown AZ 33509-2645,894-07-1311,Jimenez PLC Ltd,358 Samantha Trail East Jameschester OH 04053-7394,38-9763972,0.95,0.95,0.95,0.9499999999999998,AUTO_APPROVED,"Required customer fields are complete. Repeat evidence - name: 2, address: 2, SSN: 2."
2026-05-26T12:53:24.766933,11.28,W2_XL_input_clean_1253.pdf,clean,,,256-65-7909,Cohen LLC Group,,68-4555919,0.0,0.0,0.95,0.31666666666666665,NEEDS_REVIEW,"Missing or incomplete customer field(s): employee_name, employee_address"
2026-05-26T12:53:40.968113,16.19,W2_XL_input_clean_1254.pdf,clean,Joshua Duran,412 Yolanda Place Suite 121 Lake Christinafort OR 64691,869-53-2632,Richardson LLC Ltd,463 Barry Forge Apt. 012 Camposfort NV 45282-3307,94-2815486,0.95,0.95,0.95,0.9499999999999998,AUTO_APPROVED,"Required customer fields are complete. Repeat evidence - name: 2, address: 2, SSN: 2."
2026-05-26T12:53:51.811191,10.83,W2_XL_input_clean_1255.pdf,clean,,,323-34-9416,Andrews Inc and Sons,7939 Wolfe Plaza Suite 176 East Patriciaport WA 28982-0176,43-7965534,0.0,0.0,0.95,0.31666666666666665,NEEDS_REVIEW,"Missing or incomplete customer field(s): employee_name, employee_address"
2026-05-26T12:54:04.074625,12.26,W2_XL_input_clean_1256.pdf,clean,Hill Heather,02325 Christopher Garden Apt. 471 North Teresaberg OK 34955-9749,724-24-5589,Robinson Inc Ltd,,32-1794764,0.95,0.95,0.95,0.9499999999999998,AUTO_APPROVED,"Required customer fields are complete. Repeat evidence - name: 2, address: 2, SSN: 2."
2026-05-26T12:54:22.708123,18.63,W2_XL_input_clean_1257.pdf,clean,Mark Hughes,6590 Contreras Union Suite 841 11322-5109,763-36-2199,"West, Wilcox and Wong Inc",5909 Thomas Streets Apt. 299 Lake Ashley MO 30520-2535,05-9788940,0.95,0.0,0.95,0.6333333333333333,NEEDS_REVIEW,Missing or incomplete customer field(s): employee_address
2026-05-26T12:54:55.422978,32.71,W2_XL_input_clean_1258.pdf,clean,Derek Li,539 Katherine Shoal Apt. 267 Samuelshire NM 39407-6915,467-17-0909,Walters-Gill and Sons,99921 Ashley Road Clarkebury NY 16377-6442,65-1444227,0.95,0.95,0.95,0.9499999999999998,AUTO_APPROVED,"Required customer fields are complete. Repeat evidence - name: 2, address: 2, SSN: 2."
2026-05-26T12:55:11.962450,16.53,W2_XL_input_clean_1259.pdf,clean,,,540-07-9666,"Lynch, White and Lopez PLC",21718 Michelle Throughway Bennettbury RI 47866-7017,80-9614443,0.0,0.0,0.95,0.31666666666666665,NEEDS_REVIEW,"Missing or incomplete customer field(s): employee_name, employee_address"
2026-05-26T12:55:33.073563,21.1,W2_XL_input_clean_1260.pdf,clean,,,687-84-1504,Norton and Sons PLC,313 Vazquez Club Apt. 275 Jamesshire CA 93672-0603,12-6175863,0.0,0.0,0.95,0.31666666666666665,NEEDS_REVIEW,"Missing or incomplete customer field(s): employee_name, employee_address"
2026-05-26T12:55:56.547231,23.47,W2_XL_input_clean_1261.pdf,clean,,,193-67-6836,Gibson Ltd PLC,22705 Wise Squares Apt. 168 Barnettside OK 74792-9083,77-0159288,0.0,0.0,0.95,0.31666666666666665,NEEDS_REVIEW,"Missing or incomplete customer field(s): employee_name, employee_address"
2026-05-26T12:56:18.267299,21.71,W2_XL_input_clean_1262.pdf,clean,Wilson-Friedman Group,61559 Joshua Pines West Timothymouth CO 00921-9578,113-82-0319,Wilson-Friedman Group,61559 Joshua Pines West Timothymouth CO 00921-9578,87-9807361,0.0,0.95,0.95,0.6333333333333333,NEEDS_REVIEW,Missing or incomplete customer field(s): employee_name
2026-05-26T12:56:42.796307,24.52,W2_XL_input_clean_1263.pdf,clean,,,451-75-9242,Campbell PLC PLC,7348 Lauren Harbors Apt. 622 East William MO 98655-2564,56-4466600,0.0,0.0,0.95,0.31666666666666665,NEEDS_REVIEW,"Missing or incomplete customer field(s): employee_name, employee_address"
2026-05-26T12:56:55.654378,12.85,W2_XL_input_clean_1264.pdf,clean,April Garcia,1496 Alicia Path Apt. 388 Feliciabury SC 43995-6723,123-15-8440,Sweeney Inc Ltd,17538 Riley Mills Suite 091 Port Margarethaven WV 24995-9316,75-8290320,0.95,0.95,0.95,0.9499999999999998,AUTO_APPROVED,"Required customer fields are complete. Repeat evidence - name: 2, address: 2, SSN: 2."
2026-05-26T12:57:07.486547,11.82,W2_XL_input_clean_1265.pdf,clean,,,739-06-7881,Johnson LLC PLC,4731 Burch Prairie East James ND 73293-1997,35-4778288,0.0,0.0,0.95,0.31666666666666665,NEEDS_REVIEW,"Missing or incomplete customer field(s): employee_name, employee_address"
2026-05-26T12:57:21.873098,14.38,W2_XL_input_clean_1266.pdf,clean,,,408-32-7338,"Alvarado, Simpson and Moody and Sons",883 Long Islands New Jacqueline KY 66121-2409,71-7121003,0.0,0.0,0.95,0.31666666666666665,NEEDS_REVIEW,"Missing or incomplete customer field(s): employee_name, employee_address"
2026-05-26T12:57:33.291900,11.41,W2_XL_input_clean_1267.pdf,clean,,,365-76-0209,Rollins-Brooks LLC,,72-5259005,0.0,0.0,0.95,0.31666666666666665,NEEDS_REVIEW,"Missing or incomplete customer field(s): employee_name, employee_address"
2026-05-26T12:58:08.266972,34.97,W2_XL_input_clean_1268.pdf,clean,Ashley Lamb,47550 Russo Mall Suite 861 Whiteport WI 73321-5322,287-26-2892,"Wilson, Shannon and Smith Ltd",82747 Anita Port Apt. 307 Emilybury CA 96939-5532,21-6746112,0.95,0.95,0.95,0.9499999999999998,AUTO_APPROVED,"Required customer fields are complete. Repeat evidence - name: 2, address: 2, SSN: 2."
2026-05-26T12:58:27.824672,19.55,W2_XL_input_clean_1269.pdf,clean,,,644-94-2984,Mclaughlin-Rios Inc,,98-0018234,0.0,0.0,0.95,0.31666666666666665,NEEDS_REVIEW,"Missing or incomplete customer field(s): employee_name, employee_address"
2026-05-26T12:58:41.891689,14.06,W2_XL_input_clean_1270.pdf,clean,Sarah Brown,118 Stanley Coves Apt. 991 North William WI 24018-0443,375-61-1384,"Howell, Scott and Cox Ltd",7476 Marshall Course Apt. 655 West Marie NJ 24665-9945,16-9429703,0.95,0.95,0.95,0.9499999999999998,AUTO_APPROVED,"Required customer fields are complete. Repeat evidence - name: 2, address: 2, SSN: 2."
2026-05-26T12:58:54.021762,12.12,W2_XL_input_clean_1271.pdf,clean,,,286-99-4036,Lamb-Martinez LLC,,64-7253142,0.0,0.0,0.95,0.31666666666666665,NEEDS_REVIEW,"Missing or incomplete customer field(s): employee_name, employee_address"
2026-05-26T12:59:05.189643,11.16,W2_XL_input_clean_1272.pdf,clean,Donna Clark,88640 French Plaza Suite 459 Thomashaven IN 05898-9184,829-39-4357,Williamson-Mason LLC,,86-7775227,0.95,0.95,0.95,0.9499999999999998,AUTO_APPROVED,"Required customer fields are complete. Repeat evidence - name: 2, address: 2, SSN: 2."
2026-05-26T12:59:15.358651,10.16,W2_XL_input_clean_1273.pdf,clean,,,540-88-7917,"Wilson, Bradley and Liu PLC",5188 Jesus Streets Apt. 324 West Xavierstad WA 76412-8693,95-0285176,0.0,0.0,0.95,0.31666666666666665,NEEDS_REVIEW,"Missing or incomplete customer field(s): employee_name, employee_address"
2026-05-26T12:59:32.055202,16.68,W2_XL_input_clean_1274.pdf,clean,,,878-59-8220,"Davis, Knight and Mercer and Sons",9894 Julie Radial Port Richardshire NJ 21073-0554,63-4071592,0.0,0.0,0.95,0.31666666666666665,NEEDS_REVIEW,"Missing or incomplete customer field(s): employee_name, employee_address"
2026-05-26T12:59:45.971369,13.91,W2_XL_input_clean_1275.pdf,clean,Jeffrey Anderson,95850 Bradley Road Jamesside DE 94120-7711,033-94-1025,"Tyler, Taylor and Walker and Sons",,31-5105509,0.95,0.95,0.95,0.9499999999999998,AUTO_APPROVED,"Required customer fields are complete. Repeat evidence - name: 2, address: 2, SSN: 2."
2026-05-26T12:59:56.136574,10.16,W2_XL_input_clean_1276.pdf,clean,James Hanson,9418 James Glens Apt. 346 Gregoryport SD 88394-7242,005-70-2461,Patel LLC PLC,26978 Woodard Stravenue Suite 947 East Leahberg VT 34064-7636,92-4916277,0.95,0.95,0.95,0.9499999999999998,AUTO_APPROVED,"Required customer fields are complete. Repeat evidence - name: 2, address: 2, SSN: 2."
2026-05-26T13:00:08.592962,12.45,W2_XL_input_clean_1277.pdf,clean,Frazier-Matthews Ltd,372 Alison Union Suite 015 Lake Wesleyshire CA 39137-2527,198-95-8570,Frazier-Matthews Ltd,372 Alison Union Suite 015 Lake Wesleyshire CA 39137-2527,73-2956380,0.0,0.95,0.95,0.6333333333333333,NEEDS_REVIEW,Missing or incomplete customer field(s): employee_name
2026-05-26T13:00:18.346214,9.74,W2_XL_input_clean_1278.pdf,clean,,,729-81-6005,"Cruz, Rodriguez and Moran PLC",,94-1358226,0.0,0.0,0.95,0.31666666666666665,NEEDS_REVIEW,"Missing or incomplete customer field(s): employee_name, employee_address"
2026-05-26T13:00:29.935716,11.58,W2_XL_input_clean_1279.pdf,clean,,,399-40-6859,Pruitt and Sons LLC,6109 Russell Shoals Suite 426 West Alexandriaport WV 54125-5046,91-1320011,0.0,0.0,0.95,0.31666666666666665,NEEDS_REVIEW,"Missing or incomplete customer field(s): employee_name, employee_address"
2026-05-26T13:00:43.284437,13.34,W2_XL_input_clean_1280.pdf,clean,Melanie Martinez,79663 Christopher Gateway Suite 832 Evansburgh AK 99129-8456,827-37-3673,Moreno LLC and Sons,090 Christopher Club Suite 015 Jenniferfort CT 88432-6278,41-2821062,0.95,0.95,0.95,0.9499999999999998,AUTO_APPROVED,"Required customer fields are complete. Repeat evidence - name: 2, address: 2, SSN: 2."
2026-05-26T13:01:01.887863,18.59,W2_XL_input_clean_1281.pdf,clean,,,750-17-0064,"Fisher, Jones and Butler and Sons",7776 Stokes Rest Suite 696 Craigbury OH 65474-0989,99-5378091,0.0,0.0,0.95,0.31666666666666665,NEEDS_REVIEW,"Missing or incomplete customer field(s): employee_name, employee_address"
2026-05-26T13:01:25.756815,23.86,W2_XL_input_clean_1282.pdf,clean,Johnson-Owens Group,87627 Tony Center Suite 836 Andersonview DC 40352-4923,187-14-6674,Johnson-Owens Group,87627 Tony Center Suite 836 Andersonview DC 40352-4923,86-1288409,0.0,0.95,0.95,0.6333333333333333,NEEDS_REVIEW,Missing or incomplete customer field(s): employee_name
2026-05-26T13:01:39.550344,13.79,W2_XL_input_clean_1283.pdf,clean,Lisa Myers,46034 Peterson Mall Suite 188 Kellytown CO 43933-5523,214-67-5859,Brady Ltd Ltd,,75-7074284,0.95,0.95,0.95,0.9499999999999998,AUTO_APPROVED,"Required customer fields are complete. Repeat evidence - name: 2, address: 2, SSN: 2."
2026-05-26T13:01:52.734406,13.18,W2_XL_input_clean_1284.pdf,clean,John Lara,4682 Jodi Forest Apt. 975 Stephenville IL 86013-2680,307-61-8206,Martinez LLC Group,,43-4869159,0.95,0.95,0.95,0.9499999999999998,AUTO_APPROVED,"Required customer fields are complete. Repeat evidence - name: 2, address: 2, SSN: 2."
2026-05-26T13:02:08.770002,16.03,W2_XL_input_clean_1285.pdf,clean,,,451-91-4327,"Freeman,",,58-6855215,0.0,0.0,0.95,0.31666666666666665,NEEDS_REVIEW,"Missing or incomplete customer field(s): employee_name, employee_address"
2026-05-26T13:02:25.604915,16.82,W2_XL_input_clean_1286.pdf,clean,Jose Drake,5845 Kyle Extension Port Brian NY 64209-6379,848-85-0321,Rocha Jackson Inc,699 Jean Stream Apt. 619 Jerometon PA 16905-3351,14-3299443,0.95,0.95,0.95,0.9499999999999998,AUTO_APPROVED,"Required customer fields are complete. Repeat evidence - name: 2, address: 2, SSN: 2."
2026-05-26T13:02:43.657865,18.04,W2_XL_input_clean_1287.pdf,clean,Jennifer Woods,2054 Thompson Cove Apt. 902 New Samuelfort LA 87784-1951,816-46-6317,Townsend-Blair Group,7241 Howe Cliffs Apt. 961 Margaretport RI 69077-2896,54-0079785,0.95,0.95,0.95,0.9499999999999998,AUTO_APPROVED,"Required customer fields are complete. Repeat evidence - name: 2, address: 2, SSN: 2."
2026-05-26T13:02:54.805775,11.14,W2_XL_input_clean_1288.pdf,clean,,,793-81-8894,"Meyer, Zuniga and Washington LLC",65799 Robinson Courts Suite 268 Harttown KS 47884-5904,39-8531773,0.0,0.0,0.95,0.31666666666666665,NEEDS_REVIEW,"Missing or incomplete customer field(s): employee_name, employee_address"
2026-05-26T13:03:06.336601,11.52,W2_XL_input_clean_1289.pdf,clean,Desiree Bell,828 Charles Mill Suite 078 Cookburgh WA 29607-8483,760-71-4445,Morgan-Bass and Sons,,67-5166537,0.95,0.95,0.95,0.9499999999999998,AUTO_APPROVED,"Required customer fields are complete. Repeat evidence - name: 2, address: 2, SSN: 2."
2026-05-26T13:03:28.519111,22.17,W2_XL_input_clean_1290.pdf,clean,,,636-10-0307,Jefferson-Perkins and Sons,,33-0924804,0.0,0.0,0.95,0.31666666666666665,NEEDS_REVIEW,"Missing or incomplete customer field(s): employee_name, employee_address"
2026-05-26T13:03:46.760556,18.23,W2_XL_input_clean_1291.pdf,clean,Tony Marks,10978 Nixon Plaza East Daniel RI 08786-7933,850-86-9230,Chandler-Harrison and Sons,33971 Curtis Plain Ballardton CT 51206-2214,52-2977860,0.95,0.95,0.95,0.9499999999999998,AUTO_APPROVED,"Required customer fields are complete. Repeat evidence - name: 2, address: 2, SSN: 2."
2026-05-26T13:04:01.288728,14.52,W2_XL_input_clean_1292.pdf,clean,,,259-94-2403,Kim Ltd Ltd,,38-8430310,0.0,0.0,0.95,0.31666666666666665,NEEDS_REVIEW,"Missing or incomplete customer field(s): employee_name, employee_address"
2026-05-26T13:04:32.818890,31.52,W2_XL_input_clean_1293.pdf,clean,,,608-05-7579,Brown-Macdonald LLC,73752 Farmer Stream Michaelland VT 29520-2971,23-5214522,0.0,0.0,0.95,0.31666666666666665,NEEDS_REVIEW,"Missing or incomplete customer field(s): employee_name, employee_address"
2026-05-26T13:04:41.053717,8.23,W2_XL_input_clean_1294.pdf,clean,,,379-39-9977,"Hernandez, Ruiz and Williams and Sons",,77-3008793,0.0,0.0,0.95,0.31666666666666665,NEEDS_REVIEW,"Missing or incomplete customer field(s): employee_name, employee_address"
2026-05-26T13:04:53.124334,12.06,W2_XL_input_clean_1295.pdf,clean,Rebecca Johnson,9625 Gabriella Spur Apt. Edwardstad UT 75299-8174,355-18-4286,Higgins-Collins LLC,23990 Cobb Pines Powellburgh ID 41272-9199,98-5800942,0.95,0.95,0.95,0.9499999999999998,AUTO_APPROVED,"Required customer fields are complete. Repeat evidence - name: 2, address: 2, SSN: 2."
2026-05-26T13:05:13.292090,20.16,W2_XL_input_clean_1296.pdf,clean,Suzanne Lozano,7643 Ramos Track Amandatown AL 41903-3702,706-08-3098,"Armstrong, Duncan and Estrada Group",8095 Jeremy Camp Apt. 654 West Lori KS 67827-4098,61-1567179,0.95,0.95,0.95,0.9499999999999998,AUTO_APPROVED,"Required customer fields are complete. Repeat evidence - name: 2, address: 2, SSN: 2."
2026-05-26T13:05:43.026142,29.73,W2_XL_input_clean_1297.pdf,clean,Jeffrey Dixon,67235 Linda Station Apt. Ryanside SD 20269-2752,095-09-3236,Lopez-Marsh Ltd,,77-2886888,0.95,0.95,0.95,0.9499999999999998,AUTO_APPROVED,"Required customer fields are complete. Repeat evidence - name: 2, address: 2, SSN: 2."
2026-05-26T13:05:54.866299,11.83,W2_XL_input_clean_1298.pdf,clean,Jennifer Small,5004 Smith Dam Apt. Vincentton GA 62494-8980,324-96-6533,Rose LLC LLC,8555 Monique Falls Suite 048 Sandramouth HI 93103-1907,52-7500202,0.95,0.95,0.95,0.9499999999999998,AUTO_APPROVED,"Required customer fields are complete. Repeat evidence - name: 2, address: 2, SSN: 2."
2026-05-26T13:06:32.891369,38.02,W2_XL_input_clean_1299.pdf,clean,Linda Knox,2581 Wendy Islands Marilynside AK 24543-8071,547-37-6100,"Stewart, Collins and Moss and Sons",903 Edwards Hollow Apt. 826 Port Kristastad LA 47960-0128,31-3943833,0.95,0.95,0.95,0.9499999999999998,AUTO_APPROVED,"Required customer fields are complete. Repeat evidence - name: 2, address: 2, SSN: 2."
2026-05-26T13:13:12.432754,19.17,W2_XL_input_clean_1300.pdf,clean,,,578-25-8443,"Greene, Sherman and Dickerson PLC",,24-2826979,0.0,0.0,0.95,0.31666666666666665,NEEDS_REVIEW,"Missing or incomplete customer field(s): employee_name, employee_address"
2026-05-26T13:13:56.210826,43.77,W2_XL_input_clean_1301.pdf,clean,Adams-Contreras Group,1169 Ingram Road Apt. 095 Bakerhaven CO 70733-3442,589-81-7233,Adams-Contreras Group,1169 Ingram Road Apt. 095 Bakerhaven CO 70733-3442,51-3030992,0.0,0.95,0.95,0.6333333333333333,NEEDS_REVIEW,Missing or incomplete customer field(s): employee_name
2026-05-26T13:14:16.433855,20.21,W2_XL_input_clean_1302.pdf,clean,Tiffany Black,48170 Hoover Path Suite 886 Port Richardview TX 52632-2810,122-92-8620,Fox Group Ltd,8015 Timothy Meadows Apt. 026 Lake Jeff HI 43063-3967,65-0792343,0.95,0.95,0.95,0.9499999999999998,AUTO_APPROVED,"Required customer fields are complete. Repeat evidence - name: 2, address: 2, SSN: 2."
2026-05-26T13:14:26.212881,9.77,W2_XL_input_clean_1303.pdf,clean,Kimberly Moore,2233 Margaret Square Apt. 985 Baileyport ND 95304-6002,711-59-0410,Vazquez LLC Inc,0275 James Tunnel Apt. Richardberg RI 21789-4068,77-7446798,0.95,0.95,0.95,0.9499999999999998,AUTO_APPROVED,"Required customer fields are complete. Repeat evidence - name: 2, address: 2, SSN: 2."
2026-05-26T13:14:37.993526,11.77,W2_XL_input_clean_1304.pdf,clean,Bates-Thomas Ltd,389 Kevin River Suite 997 East Leslieburgh MN 33957-1841,152-95-3720,Bates-Thomas Ltd,389 Kevin River Suite 997 East Leslieburgh MN 33957-1841,24-0979157,0.0,0.95,0.95,0.6333333333333333,NEEDS_REVIEW,Missing or incomplete customer field(s): employee_name
2026-05-26T13:14:48.917176,10.92,W2_XL_input_clean_1305.pdf,clean,Erik Ellis,40735 Samuel Burg Suite 069 Petersonburgh TN 59899-2276,726-65-2584,Walker-Wagner LLC,,48-5578798,0.95,0.95,0.95,0.9499999999999998,AUTO_APPROVED,"Required customer fields are complete. Repeat evidence - name: 2, address: 2, SSN: 2."
2026-05-26T13:15:08.723259,19.8,W2_XL_input_clean_1306.pdf,clean,Amy Wiley,657 Brandon Trail Brennanburgh SC 25924-6101,841-56-3512,"Goodwin, Perry and Fitzgerald Group",272 Robinson Views Suite 911 East Nicoleton WY 02488-4516,76-5818651,0.95,0.95,0.95,0.9499999999999998,AUTO_APPROVED,"Required customer fields are complete. Repeat evidence - name: 2, address: 2, SSN: 2."
2026-05-26T13:15:19.757482,11.02,W2_XL_input_clean_1307.pdf,clean,,,144-45-5742,"Murphy, Oliver and York Inc",13200 Candice Mills Apt. 272 Dodsonberg AZ 22471-8401,04-0167789,0.0,0.0,0.95,0.31666666666666665,NEEDS_REVIEW,"Missing or incomplete customer field(s): employee_name, employee_address"
2026-05-26T13:15:30.065985,10.3,W2_XL_input_clean_1308.pdf,clean,,,157-04-1198,Peters-Grant PLC,24358 Tamara Shore Suite 896 New Annaberg NE 67700-9250,54-0451594,0.0,0.0,0.95,0.31666666666666665,NEEDS_REVIEW,"Missing or incomplete customer field(s): employee_name, employee_address"
2026-05-26T13:15:43.685383,13.61,W2_XL_input_clean_1309.pdf,clean,Meredith Price,3567 Fuller Valley Apt. 267 Andersonchester WA,825-86-5953,"Pratt,",656 Rocha Squares Suite 341 New Bradley WV 93741-7018,80-2972761,0.95,0.0,0.95,0.6333333333333333,NEEDS_REVIEW,Missing or incomplete customer field(s): employee_address
2026-05-26T13:15:55.856425,12.16,W2_XL_input_clean_1310.pdf,clean,,,741-69-2778,Mason-Petersen Ltd,,12-9581111,0.0,0.0,0.95,0.31666666666666665,NEEDS_REVIEW,"Missing or incomplete customer field(s): employee_name, employee_address"
2026-05-26T13:16:11.410832,15.54,W2_XL_input_clean_1311.pdf,clean,,,539-78-6191,Alexander-Smith and Sons,62946 Jeffrey Ports Apt. Martinezshire SD 82501-3954,72-8043157,0.0,0.0,0.95,0.31666666666666665,NEEDS_REVIEW,"Missing or incomplete customer field(s): employee_name, employee_address"
2026-05-26T13:16:27.124671,15.7,W2_XL_input_clean_1312.pdf,clean,Steven Harmon,2338 Jeffrey Mills Suite 841 West Rachel IL 16392-8923,001-51-9229,"Ochoa,",2982 William Ramp Suite 925 Petersfurt ND 44286-6939,64-0955710,0.95,0.95,0.95,0.9499999999999998,AUTO_APPROVED,"Required customer fields are complete. Repeat evidence - name: 2, address: 2, SSN: 2."
2026-05-26T13:16:52.457031,25.32,W2_XL_input_clean_1313.pdf,clean,Amanda Bond,7170 Townsend Shores Apt. 027 Romanside TN 40382-6028,779-58-9265,"Ruiz, Smith and Carter and Sons",,14-8690013,0.95,0.95,0.95,0.9499999999999998,AUTO_APPROVED,"Required customer fields are complete. Repeat evidence - name: 2, address: 2, SSN: 2."
2026-05-26T13:17:15.077844,22.61,W2_XL_input_clean_1314.pdf,clean,Mr. Michael,1795 Julie Glens Suite 338 North Heather MT 44409-7944,693-66-8773,Hicks and Sons Ltd,593 Hooper Fall Apt. 915 Juliemouth RI 89909-9693,75-6867894,0.95,0.95,0.95,0.9499999999999998,AUTO_APPROVED,"Required customer fields are complete. Repeat evidence - name: 2, address: 2, SSN: 2."
2026-05-26T13:17:26.301132,11.21,W2_XL_input_clean_1315.pdf,clean,Joshua Ramirez,5530 Richard Forges Apt. 867 Johnborough DC 83490-0077,362-80-7579,James PLC Group,76016 Savage Shores Apt. 502 Port Elizabeth AZ 03646-8121,62-7665796,0.95,0.95,0.95,0.9499999999999998,AUTO_APPROVED,"Required customer fields are complete. Repeat evidence - name: 2, address: 2, SSN: 2."
2026-05-26T13:17:47.376231,21.07,W2_XL_input_clean_1316.pdf,clean,Rodney Fuller,32006 Mays Hollow Suite 687 Port Daniellestad KY,417-48-4270,Webb Ltd and Sons,,20-6652385,0.95,0.0,0.95,0.6333333333333333,NEEDS_REVIEW,Missing or incomplete customer field(s): employee_address
2026-05-26T13:17:54.999083,7.61,W2_XL_input_clean_1317.pdf,clean,Nicole Briggs,306 Justin Heights Apt. 909 Tammyland ND 15001-0572,131-52-7438,Campbell-Wilson Group,86908 Smith Valleys Apt. 322 Gonzaleshaven DC 56643-9309,23-6524397,0.95,0.95,0.95,0.9499999999999998,AUTO_APPROVED,"Required customer fields are complete. Repeat evidence - name: 2, address: 2, SSN: 2."
2026-05-26T13:18:05.202060,10.19,W2_XL_input_clean_1318.pdf,clean,Ashley Barnes,7646 Lori Inlet Suite 094 Braunstad VT 44796-0252,775-63-4551,Fisher-Harper and Sons,,52-4304703,0.95,0.95,0.95,0.9499999999999998,AUTO_APPROVED,"Required customer fields are complete. Repeat evidence - name: 2, address: 2, SSN: 2."
2026-05-26T13:18:14.172486,8.96,W2_XL_input_clean_1319.pdf,clean,Barbara Wang,191 Tiffany Freeway Apt. New Danielle NH 16690-9715,886-48-0311,Williams PLC LLC,813 Andrea Crest Apt. 598 South Bryan AL 33959-6829,14-0940722,0.95,0.95,0.95,0.9499999999999998,AUTO_APPROVED,"Required customer fields are complete. Repeat evidence - name: 2, address: 2, SSN: 2."
2026-05-26T13:18:42.623231,28.44,W2_XL_input_clean_1320.pdf,clean,James Smith,6280 Lori Islands Alexanderburgh AZ 57792-4114,721-01-5157,Brown Group PLC,0938 Payne Islands Apt. 136 West Peter NM 39506-0319,91-3577175,0.95,0.95,0.95,0.9499999999999998,AUTO_APPROVED,"Required customer fields are complete. Repeat evidence - name: 2, address: 2, SSN: 2."
2026-05-26T13:19:00.357376,17.73,W2_XL_input_clean_1321.pdf,clean,Vaughan-Olsen Group,34095 Armstrong Fords Suite 463 North Thomas ND 47841-9096,433-44-6975,Vaughan-Olsen Group,34095 Armstrong Fords Suite 463 North Thomas ND 47841-9096,56-3467346,0.0,0.95,0.95,0.6333333333333333,NEEDS_REVIEW,Missing or incomplete customer field(s): employee_name
2026-05-26T13:19:24.417094,24.05,W2_XL_input_clean_1322.pdf,clean,,,279-05-3831,Stewart-Hernandez PLC,,20-7032121,0.0,0.0,0.95,0.31666666666666665,NEEDS_REVIEW,"Missing or incomplete customer field(s): employee_name, employee_address"
2026-05-26T13:19:38.695426,14.27,W2_XL_input_clean_1323.pdf,clean,Bernard Jordan,63154 Joe Plaza Matthewfurt RI 34975-1019,587-36-3897,"Johnson, Carpenter and Swanson LLC",8933 Judy Crest Apt. 643 South Allen AZ 92602-9941,16-6404707,0.95,0.95,0.95,0.9499999999999998,AUTO_APPROVED,"Required customer fields are complete. Repeat evidence - name: 2, address: 2, SSN: 2."
2026-05-26T13:19:54.974646,16.27,W2_XL_input_clean_1324.pdf,clean,David Rivera,7077 Victoria Points North Katherineport UT,622-44-8319,Wood Inc and Sons,5848 Henry Forge Apt. 398 New Gary NE 22122-6863,77-0025827,0.95,0.0,0.95,0.6333333333333333,NEEDS_REVIEW,Missing or incomplete customer field(s): employee_address
2026-05-26T13:21:01.582748,66.6,W2_XL_input_clean_1325.pdf,clean,Pamela Johnson,518 Robles Greens Suite 698 Ibarraton ND 56937-3980,707-79-0872,Choi LLC and Sons,,88-0893875,0.95,0.95,0.95,0.9499999999999998,AUTO_APPROVED,"Required customer fields are complete. Repeat evidence - name: 2, address: 2, SSN: 2."
2026-05-26T13:21:15.599756,14.01,W2_XL_input_clean_1326.pdf,clean,Daniel Scott,7703 Stokes Forest Suite 381 33745-9863,197-98-7861,"Moreno, Burns and Wilkinson PLC",0679 Gill Junctions Apt. Lake Rachel AL 40976-1406,62-4761876,0.95,0.0,0.95,0.6333333333333333,NEEDS_REVIEW,Missing or incomplete customer field(s): employee_address
2026-05-26T13:21:32.710983,17.1,W2_XL_input_clean_1327.pdf,clean,Matthew Gomez,37700 Mills Street Apt. 795 Brandyfurt OK 66013-8411,272-09-4778,Ward-Alvarez Inc,,99-1861926,0.95,0.95,0.95,0.9499999999999998,AUTO_APPROVED,"Required customer fields are complete. Repeat evidence - name: 2, address: 2, SSN: 2."
2026-05-26T13:21:44.224773,11.5,W2_XL_input_clean_1328.pdf,clean,Matthew Lewis,72210 Porter Estate Apt. 472 Port Natalie FL 51250-2082,813-62-1184,Diaz Group and Sons,8000 Maurice Street Christinaside SC 68424-9134,84-5020932,0.95,0.95,0.95,0.9499999999999998,AUTO_APPROVED,"Required customer fields are complete. Repeat evidence - name: 2, address: 2, SSN: 2."
2026-05-26T13:22:11.862565,27.63,W2_XL_input_clean_1329.pdf,clean,,,720-70-6553,Pierce LLC and Sons,,02-8130512,0.0,0.0,0.95,0.31666666666666665,NEEDS_REVIEW,"Missing or incomplete customer field(s): employee_name, employee_address"
2026-05-26T13:22:28.079977,16.21,W2_XL_input_clean_1330.pdf,clean,,,721-26-2378,Munoz-Mack LLC,134 Katelyn Shores Suite 851 West Marctown CO 88179-6702,24-7042755,0.0,0.0,0.95,0.31666666666666665,NEEDS_REVIEW,"Missing or incomplete customer field(s): employee_name, employee_address"
2026-05-26T13:22:38.439396,10.35,W2_XL_input_clean_1331.pdf,clean,Jerome Wilkins,23374 Strickland Views Suite 279 West Lisa IL 85129-0931,467-55-3810,Wilcox and Sons and Sons,7571 Melissa Parkways Apt. 375 Rodriguezfort RI 84765-6963,51-5562071,0.95,0.95,0.95,0.9499999999999998,AUTO_APPROVED,"Required customer fields are complete. Repeat evidence - name: 2, address: 2, SSN: 2."
2026-05-26T13:22:50.303908,11.85,W2_XL_input_clean_1332.pdf,clean,Dean Lynch,08165 Wilcox Ports Apt. 924 Kristinafort WV 82111-5367,177-37-3195,Mckenzie-Richards and Sons,57258 Atkinson Glen Suite 787 Kathrynstad OH 10438-5766,77-1212212,0.95,0.95,0.95,0.9499999999999998,AUTO_APPROVED,"Required customer fields are complete. Repeat evidence - name: 2, address: 2, SSN: 2."
2026-05-26T13:23:02.835923,12.52,W2_XL_input_clean_1333.pdf,clean,Michael White,927 Miller Overpass Suite 319 Malonehaven KY 85419-2538,371-12-5081,Archer Collins PLC,,74-8546220,0.95,0.95,0.95,0.9499999999999998,AUTO_APPROVED,"Required customer fields are complete. Repeat evidence - name: 2, address: 2, SSN: 2."
2026-05-26T13:23:23.968768,21.12,W2_XL_input_clean_1334.pdf,clean,Matthew Fisher,8863 Adams Roads Apt. 556 West Deborah AL 52582-0285,201-05-5820,Curtis-Brown Group,,75-5526674,0.95,0.95,0.95,0.9499999999999998,AUTO_APPROVED,"Required customer fields are complete. Repeat evidence - name: 2, address: 2, SSN: 2."
2026-05-26T13:23:33.740657,9.76,W2_XL_input_clean_1335.pdf,clean,Casey Davis,207 Jones Valleys Apt. 134 Williamport OK 48186-1155,540-21-3543,"Johnson, Patrick and Miller LLC",3462 Collins Alley Suite 170 Lake Isaactown AL 97526-2085,33-5489392,0.95,0.95,0.95,0.9499999999999998,AUTO_APPROVED,"Required customer fields are complete. Repeat evidence - name: 2, address: 2, SSN: 2."
2026-05-26T13:23:44.192296,10.44,W2_XL_input_clean_1336.pdf,clean,Martin Miller,206 Stuart Motorway Suite 942 Bryanfurt KS 32944-4257,542-28-9190,Ward Inc Ltd,4175 Richard Pass Suite 858 New Jonathanfort SC 97573-0112,43-3816313,0.95,0.95,0.95,0.9499999999999998,AUTO_APPROVED,"Required customer fields are complete. Repeat evidence - name: 2, address: 2, SSN: 2."
2026-05-26T13:24:20.993197,36.79,W2_XL_input_clean_1337.pdf,clean,,,581-70-3222,Davis Group LLC,,36-2070087,0.0,0.0,0.95,0.31666666666666665,NEEDS_REVIEW,"Missing or incomplete customer field(s): employee_name, employee_address"
2026-05-26T13:24:34.812212,13.81,W2_XL_input_clean_1338.pdf,clean,Deborah Holloway,846 Sara Mission Suite 486 Evanstown IL 21371-5299,797-80-6279,"Brown, Lopez and Hill Group",,61-9522082,0.95,0.95,0.95,0.9499999999999998,AUTO_APPROVED,"Required customer fields are complete. Repeat evidence - name: 2, address: 2, SSN: 2."
2026-05-26T13:24:47.780495,12.96,W2_XL_input_clean_1339.pdf,clean,Edward Martin,67509 Nguyen Burgs Apt. 162 East Eric GA 74329-0238,436-04-9172,Mcbride PLC and Sons,,06-5304509,0.95,0.95,0.95,0.9499999999999998,AUTO_APPROVED,"Required customer fields are complete. Repeat evidence - name: 2, address: 2, SSN: 2."
2026-05-26T13:25:00.417541,12.63,W2_XL_input_clean_1340.pdf,clean,,,863-50-2633,Johnson LLC Inc,98022 Courtney Rapid Apt. 763 Davidtown IA 20868-9326,24-3421744,0.0,0.0,0.95,0.31666666666666665,NEEDS_REVIEW,"Missing or incomplete customer field(s): employee_name, employee_address"
2026-05-26T13:25:22.814598,22.38,W2_XL_input_clean_1341.pdf,clean,Elizabeth Soto,1610 Susan Summit Suite 368 Seanland HI 31589-2679,836-20-0992,"Lee, Zimmerman and Carroll and Sons",69023 Morgan Shoal Apt. 017 Lanceburgh WA 06410-6512,11-9284737,0.95,0.95,0.95,0.9499999999999998,AUTO_APPROVED,"Required customer fields are complete. Repeat evidence - name: 2, address: 2, SSN: 2."
2026-05-26T13:25:36.164482,13.34,W2_XL_input_clean_1342.pdf,clean,Rebecca Golden,0697 Jennifer Plain New Jeffreyberg DE 64045-3677,191-20-9147,Martin-Lester and Sons,,63-9589273,0.95,0.95,0.95,0.9499999999999998,AUTO_APPROVED,"Required customer fields are complete. Repeat evidence - name: 2, address: 2, SSN: 2."
2026-05-26T13:25:47.246727,11.07,W2_XL_input_clean_1343.pdf,clean,,,248-33-6084,"Ray, Taylor and Clark PLC",,91-5950114,0.0,0.0,0.95,0.31666666666666665,NEEDS_REVIEW,"Missing or incomplete customer field(s): employee_name, employee_address"
2026-05-26T13:26:07.470065,20.21,W2_XL_input_clean_1344.pdf,clean,,,484-56-1868,Harmon-Gomez LLC,,84-1326365,0.0,0.0,0.95,0.31666666666666665,NEEDS_REVIEW,"Missing or incomplete customer field(s): employee_name, employee_address"
2026-05-26T13:26:19.234240,11.75,W2_XL_input_clean_1345.pdf,clean,Traci Barrera,794 Andrew Summit Apt. 127 Mcgrathton IL 13436-4416,473-43-8690,Hill-Adams LLC,70707 Emily Court Apt. 734 Wagnerton DC 50848-7034,99-4474295,0.95,0.95,0.95,0.9499999999999998,AUTO_APPROVED,"Required customer fields are complete. Repeat evidence - name: 2, address: 2, SSN: 2."
2026-05-26T13:26:31.407988,12.16,W2_XL_input_clean_1346.pdf,clean,,,688-20-2674,"Garcia, Campbell and Wheeler Ltd",,02-7071860,0.0,0.0,0.95,0.31666666666666665,NEEDS_REVIEW,"Missing or incomplete customer field(s): employee_name, employee_address"
2026-05-26T13:26:44.574168,13.16,W2_XL_input_clean_1347.pdf,clean,Robert Meyer,449 Richards Tunnel Apt. 072 West Howardview NY 17232-2392,581-14-0953,Powell Group and Sons,,35-6586712,0.95,0.95,0.95,0.9499999999999998,AUTO_APPROVED,"Required customer fields are complete. Repeat evidence - name: 2, address: 2, SSN: 2."
2026-05-26T13:27:14.940984,30.36,W2_XL_input_clean_1348.pdf,clean,,,885-73-5199,Davidson Inc Inc,,55-7716100,0.0,0.0,0.95,0.31666666666666665,NEEDS_REVIEW,"Missing or incomplete customer field(s): employee_name, employee_address"
2026-05-26T13:27:39.567750,24.62,W2_XL_input_clean_1349.pdf,clean,,,517-45-5488,Holder LLC LLC,,36-0139813,0.0,0.0,0.95,0.31666666666666665,NEEDS_REVIEW,"Missing or incomplete customer field(s): employee_name, employee_address"
2026-05-26T13:32:15.017815,14.82,W2_XL_input_clean_1350.pdf,clean,Chase Wilkerson,6163 Craig Plaza Reevesfurt KS 52969-6133,207-86-2271,"Freeman,",5737 Richard Walks Suite 452 Lake Jamesland NV 98838-5973,87-8474694,0.95,0.95,0.95,0.9499999999999998,AUTO_APPROVED,"Required customer fields are complete. Repeat evidence - name: 2, address: 2, SSN: 2."
2026-05-26T13:32:26.594986,11.57,W2_XL_input_clean_1351.pdf,clean,,,599-15-5784,Greene and Sons Ltd,472 Kimberly Shore Apt. 978 South Richard HI 44310-7336,26-0300229,0.0,0.0,0.95,0.31666666666666665,NEEDS_REVIEW,"Missing or incomplete customer field(s): employee_name, employee_address"
2026-05-26T13:32:44.669099,18.07,W2_XL_input_clean_1352.pdf,clean,Austin Murphy,1540 Matthew Locks West Tamaramouth TX 28779-9651,280-17-5507,Sparks Ltd Inc,,76-2710051,0.95,0.95,0.95,0.9499999999999998,AUTO_APPROVED,"Required customer fields are complete. Repeat evidence - name: 2, address: 2, SSN: 2."
2026-05-26T13:32:59.328487,14.65,W2_XL_input_clean_1353.pdf,clean,,,285-40-4223,Pacheco Inc Ltd,,60-4232118,0.0,0.0,0.95,0.31666666666666665,NEEDS_REVIEW,"Missing or incomplete customer field(s): employee_name, employee_address"
2026-05-26T13:33:26.068762,26.73,W2_XL_input_clean_1354.pdf,clean,Russo Brittany,05721 Thomas Greens Suite 089 Berryville VT 34814-6953,368-99-5451,"Robinson, Greene and Green LLC",26999 Sandra Ridges Suite 387 Allenport CO 15966-0093,27-5567456,0.95,0.95,0.95,0.9499999999999998,AUTO_APPROVED,"Required customer fields are complete. Repeat evidence - name: 2, address: 2, SSN: 2."
2026-05-26T13:33:40.613182,14.53,W2_XL_input_clean_1355.pdf,clean,,,832-67-8771,Foster PLC PLC,0095 Todd Expressway Apt. 026 New Shane OK 19738-8763,10-1051129,0.0,0.0,0.95,0.31666666666666665,NEEDS_REVIEW,"Missing or incomplete customer field(s): employee_name, employee_address"
2026-05-26T13:33:56.018490,15.39,W2_XL_input_clean_1356.pdf,clean,,,736-20-9333,Porter and Sons LLC,,56-9958217,0.0,0.0,0.95,0.31666666666666665,NEEDS_REVIEW,"Missing or incomplete customer field(s): employee_name, employee_address"
2026-05-26T13:34:22.284636,26.25,W2_XL_input_clean_1357.pdf,clean,Angela Hudson,0743 Allen Way West Julie MS 33429-7946,056-81-9051,Davis-Smith Inc,82399 Jennings Key Suite 065 North Georgeburgh CA 34068-8304,23-5239986,0.95,0.95,0.95,0.9499999999999998,AUTO_APPROVED,"Required customer fields are complete. Repeat evidence - name: 2, address: 2, SSN: 2."
2026-05-26T13:34:33.291623,11.0,W2_XL_input_clean_1358.pdf,clean,Kathryn Hill,831 Peterson Neck Port Brianna AK 03562-3432,822-24-8429,Taylor-Johnson Group,019 Choi Camp Apt. 872 Port Kellyton NM 12387-2985,21-6507455,0.95,0.95,0.95,0.9499999999999998,AUTO_APPROVED,"Required customer fields are complete. Repeat evidence - name: 2, address: 2, SSN: 2."
2026-05-26T13:34:50.924514,17.62,W2_XL_input_clean_1359.pdf,clean,Dennis-Erickson Ltd,66656 Johnson Brook Suite 053 Lake Amy PA 21885-2099,400-18-3267,Dennis-Erickson Ltd,66656 Johnson Brook Suite 053 Lake Amy PA 21885-2099,86-3619959,0.0,0.95,0.95,0.6333333333333333,NEEDS_REVIEW,Missing or incomplete customer field(s): employee_name
2026-05-26T13:35:02.821187,11.89,W2_XL_input_clean_1360.pdf,clean,Courtney Carter,26239 Burnett Isle Suite 463 Kellyville AL 55704-5991,459-05-5318,"Jones, Mitchell and Jackson Group",404 Robinson Lane Suite 771 Rowebury VT 04581-0692,86-9489566,0.95,0.95,0.95,0.9499999999999998,AUTO_APPROVED,"Required customer fields are complete. Repeat evidence - name: 2, address: 2, SSN: 2."
2026-05-26T13:35:22.611623,19.78,W2_XL_input_clean_1361.pdf,clean,Kenneth Jones,89382 Anthony Greens Apt. 563 Mauriceside NY 67714-0765,635-34-4918,"Thompson, Richards and Park and Sons",,02-7306706,0.95,0.95,0.95,0.9499999999999998,AUTO_APPROVED,"Required customer fields are complete. Repeat evidence - name: 2, address: 2, SSN: 2."
2026-05-26T13:35:33.863143,11.24,W2_XL_input_clean_1362.pdf,clean,Justin Hughes,07831 Holly Vista Suite 887 North Josephmouth OH,836-93-9415,"Smith,",0019 Kemp Island Apt. 684 Lake Jose VT 09001-8953,58-8485432,0.95,0.0,0.95,0.6333333333333333,NEEDS_REVIEW,Missing or incomplete customer field(s): employee_address
2026-05-26T13:35:47.252871,13.38,W2_XL_input_clean_1363.pdf,clean,Jared Lutz,183 Brown Ford Apt. New Amandaville MN 37371-1181,139-05-6304,"Ellis, Ford and Travis PLC",60125 Louis Underpass Apt. 204 Webbview CO 23201-2048,64-0060090,0.95,0.95,0.95,0.9499999999999998,AUTO_APPROVED,"Required customer fields are complete. Repeat evidence - name: 2, address: 2, SSN: 2."
2026-05-26T13:35:59.905071,12.64,W2_XL_input_clean_1364.pdf,clean,Lauren Hughes,088 Farmer Harbor Suite 974 Lake Philip FL 09078-6301,478-90-5519,Carson PLC Group,9579 Angela Trail Apt. 503 West Katherine RI 00750-1739,51-7517509,0.95,0.95,0.95,0.9499999999999998,AUTO_APPROVED,"Required customer fields are complete. Repeat evidence - name: 2, address: 2, SSN: 2."
2026-05-26T13:36:16.630268,16.72,W2_XL_input_clean_1365.pdf,clean,Brian Wood,915 Jennifer Mission Apt. 704 Washingtonfurt DC 18010-6272,633-13-3911,"Taylor, Murray and Ramos PLC",,24-3107785,0.95,0.95,0.95,0.9499999999999998,AUTO_APPROVED,"Required customer fields are complete. Repeat evidence - name: 2, address: 2, SSN: 2."
2026-05-26T13:36:31.717946,15.08,W2_XL_input_clean_1366.pdf,clean,Rhonda Gonzales,8195 Catherine Villages Apt. 817 78254-4382,697-41-4925,Walsh-Hamilton Inc,424 Kimberly Trail Suite 876 Gravesborough CO 63895-5244,31-7487391,0.95,0.0,0.95,0.6333333333333333,NEEDS_REVIEW,Missing or incomplete customer field(s): employee_address
2026-05-26T13:37:01.035904,29.31,W2_XL_input_clean_1367.pdf,clean,,,568-47-0259,"Pearson, Adams and Beck PLC",,68-7885980,0.0,0.0,0.95,0.31666666666666665,NEEDS_REVIEW,"Missing or incomplete customer field(s): employee_name, employee_address"
2026-05-26T13:37:41.021602,39.97,W2_XL_input_clean_1368.pdf,clean,Ryan Smith,93477 Makayla Stream Apt. 285 East Sandrashire NH,079-14-0849,Ward-Martinez Inc,00215 Beth Glens Suite 617 East Lauren NY 48664-4262,95-3831047,0.95,0.0,0.95,0.6333333333333333,NEEDS_REVIEW,Missing or incomplete customer field(s): employee_address
2026-05-26T13:38:03.622030,22.59,W2_XL_input_clean_1369.pdf,clean,Jennifer Ramos,44881 Kayla Tunnel Suite 954 West Jennifer NM 91801-7007,406-02-0086,Carlson-Thompson Group,93466 Hester Plaza Apt. 231 West Danielburgh NE 86209-1960,05-0696667,0.95,0.95,0.95,0.9499999999999998,AUTO_APPROVED,"Required customer fields are complete. Repeat evidence - name: 2, address: 2, SSN: 2."
2026-05-26T13:38:25.852847,22.22,W2_XL_input_clean_1370.pdf,clean,Dominique Cox,378 Heather Pine Suite 843 New Gregory SD 66085-8665,644-31-6553,Jefferson-Pugh LLC,,64-2012709,0.95,0.95,0.95,0.9499999999999998,AUTO_APPROVED,"Required customer fields are complete. Repeat evidence - name: 2, address: 2, SSN: 2."
2026-05-26T13:38:40.131360,14.27,W2_XL_input_clean_1371.pdf,clean,,,164-10-2646,"Berry, Cummings and Estrada and Sons",,30-1187691,0.0,0.0,0.95,0.31666666666666665,NEEDS_REVIEW,"Missing or incomplete customer field(s): employee_name, employee_address"
2026-05-26T13:38:49.987057,9.84,W2_XL_input_clean_1372.pdf,clean,,,092-19-1466,Miller-Wilson and Sons,49463 Alicia Trace Apt. 916 Pughfort KS 18744-2445,67-6281987,0.0,0.0,0.95,0.31666666666666665,NEEDS_REVIEW,"Missing or incomplete customer field(s): employee_name, employee_address"
2026-05-26T13:38:59.071694,9.07,W2_XL_input_clean_1373.pdf,clean,,,226-31-1605,"Allen,",742 Wilkins Mountains Suite 507 Donaldville DC 27881-5130,37-2544985,0.0,0.0,0.95,0.31666666666666665,NEEDS_REVIEW,"Missing or incomplete customer field(s): employee_name, employee_address"
2026-05-26T13:39:13.267678,14.19,W2_XL_input_clean_1374.pdf,clean,,,055-60-1067,Davis-Martin and Sons,4377 Paul Vista Suite 608 Port Samuelport FL 14689-1628,37-5478046,0.0,0.0,0.95,0.31666666666666665,NEEDS_REVIEW,"Missing or incomplete customer field(s): employee_name, employee_address"
2026-05-26T13:39:40.983327,27.71,W2_XL_input_clean_1375.pdf,clean,Taylor Simmons,394 Derek Landing Suite 107 Nancyfurt NM 72955-4277,151-29-4382,Hess-Clark Group,99823 Everett Path Apt. 225 Jamiefurt WY 41241-4152,57-2215042,0.95,0.95,0.95,0.9499999999999998,AUTO_APPROVED,"Required customer fields are complete. Repeat evidence - name: 2, address: 2, SSN: 2."
2026-05-26T13:39:56.404359,15.41,W2_XL_input_clean_1376.pdf,clean,,,304-39-4621,Stevens-Prince Group,,26-0400969,0.0,0.0,0.95,0.31666666666666665,NEEDS_REVIEW,"Missing or incomplete customer field(s): employee_name, employee_address"
2026-05-26T13:40:12.048616,15.63,W2_XL_input_clean_1377.pdf,clean,Michael Francis,868 Thompson Neck Apt. 762 Jimenezberg CO 26860-4473,248-55-3211,"Neal, Jones and Mejia Inc",56746 Shane Forge Suite 085 Catherineland NC 78149-9584,60-1723361,0.95,0.95,0.95,0.9499999999999998,AUTO_APPROVED,"Required customer fields are complete. Repeat evidence - name: 2, address: 2, SSN: 2."
2026-05-26T13:40:24.738438,12.68,W2_XL_input_clean_1378.pdf,clean,Melanie Watson,3856 Keith Circle East Lisa IN 75531-4857,808-20-4640,Mosley-Barber Inc,,87-7972742,0.95,0.95,0.95,0.9499999999999998,AUTO_APPROVED,"Required customer fields are complete. Repeat evidence - name: 2, address: 2, SSN: 2."
2026-05-26T13:40:38.178369,13.43,W2_XL_input_clean_1379.pdf,clean,Sarah Bell,1669 Burgess Groves Apt. 368 Keithville ND 20447-3035,432-64-5980,Anderson-Anderson Inc,27589 Zuniga Walks Suite 719 Alexandriaborough HI 56921-3716,59-9131589,0.95,0.95,0.95,0.9499999999999998,AUTO_APPROVED,"Required customer fields are complete. Repeat evidence - name: 2, address: 2, SSN: 2."
2026-05-26T13:40:58.121198,19.93,W2_XL_input_clean_1380.pdf,clean,,,385-99-1827,"Hobbs, Cooper and Brown Ltd",094 Moore Drive Suite 274 Stacyfort DC 58588-7055,26-4080470,0.0,0.0,0.95,0.31666666666666665,NEEDS_REVIEW,"Missing or incomplete customer field(s): employee_name, employee_address"
2026-05-26T13:41:34.596800,36.47,W2_XL_input_clean_1381.pdf,clean,Jennifer Khan,810 Smith Fort Suite 887 South James DE 55509-0838,276-58-9072,Zuniga Inc PLC,0298 Julie Ways Apt. 344 New Craigbury IA 40606-3136,24-9203070,0.95,0.95,0.95,0.9499999999999998,AUTO_APPROVED,"Required customer fields are complete. Repeat evidence - name: 2, address: 2, SSN: 2."
2026-05-26T13:41:49.548389,14.94,W2_XL_input_clean_1382.pdf,clean,,,228-25-3870,Lee Group and Sons,10974 Cabrera Prairie Suite 285 Lake Dawn PA 27721-0412,60-2251918,0.0,0.0,0.95,0.31666666666666665,NEEDS_REVIEW,"Missing or incomplete customer field(s): employee_name, employee_address"
2026-05-26T13:42:00.065432,10.51,W2_XL_input_clean_1383.pdf,clean,Kim Barker,846 George Parks Apt. 747 East David WA 29315-6232,758-48-1221,Thomas-Kerr Inc,,43-8527601,0.95,0.95,0.95,0.9499999999999998,AUTO_APPROVED,"Required customer fields are complete. Repeat evidence - name: 2, address: 2, SSN: 2."
2026-05-26T13:42:22.257935,22.18,W2_XL_input_clean_1384.pdf,clean,Carla Martinez,36190 Autumn Points Port William NV 99117-3214,632-25-2758,Salazar-Sullivan Ltd,685 Timothy Circle Apt. 533 South Gilbert TX 39092-1710,63-8718904,0.95,0.95,0.95,0.9499999999999998,AUTO_APPROVED,"Required customer fields are complete. Repeat evidence - name: 2, address: 2, SSN: 2."
2026-05-26T13:42:37.875133,15.61,W2_XL_input_clean_1385.pdf,clean,Emma Smith,23582 Berger Plains Suite 830 Marychester IA 77222-2822,639-44-1205,Mcneil-Knight LLC,2025 Blackburn Falls Suite 201 Lake Stephenbury CO 32451-9141,90-1636779,0.95,0.95,0.95,0.9499999999999998,AUTO_APPROVED,"Required customer fields are complete. Repeat evidence - name: 2, address: 2, SSN: 2."
2026-05-26T13:42:50.584346,12.7,W2_XL_input_clean_1386.pdf,clean,Heather Moreno,265 Wilson Centers Apt. 802 Jessicafurt NC 62340-0139,469-05-6691,Adams-Everett Group,,63-2044930,0.95,0.95,0.95,0.9499999999999998,AUTO_APPROVED,"Required customer fields are complete. Repeat evidence - name: 2, address: 2, SSN: 2."
2026-05-26T13:43:05.550645,14.96,W2_XL_input_clean_1387.pdf,clean,Daniel Grimes,832 Lauren Fork Suite 621 West Tiffanymouth FL 59268-1352,631-12-8729,Mcpherson Inc Ltd,97573 Mark Port Suite 329 New Cynthiaberg VT 16898-1462,94-2251001,0.95,0.95,0.95,0.9499999999999998,AUTO_APPROVED,"Required customer fields are complete. Repeat evidence - name: 2, address: 2, SSN: 2."
2026-05-26T13:43:16.661330,11.1,W2_XL_input_clean_1388.pdf,clean,Margaret Huerta,84660 Jeffrey Skyway Suite 406 East Michael PA 99386-7732,464-04-7457,Taylor Ltd LLC,,31-7454033,0.95,0.95,0.95,0.9499999999999998,AUTO_APPROVED,"Required customer fields are complete. Repeat evidence - name: 2, address: 2, SSN: 2."
2026-05-26T13:43:27.794229,11.12,W2_XL_input_clean_1389.pdf,clean,Felicia Summers,9020 Walker Meadow Suite 969 West Leslietown TX 81506-5010,552-84-8711,Church-Jacobs Ltd,89758 Andrea Common Suite 574 South Jamie ND 44085-5458,06-7644159,0.95,0.95,0.95,0.9499999999999998,AUTO_APPROVED,"Required customer fields are complete. Repeat evidence - name: 2, address: 2, SSN: 2."
2026-05-26T13:43:44.286757,16.48,W2_XL_input_clean_1390.pdf,clean,Eric Benson,66579 Hannah Cliff Krauseside KS 12359-8070,486-83-8339,"Burgess, Hall and Fowler LLC",,98-0626245,0.95,0.95,0.95,0.9499999999999998,AUTO_APPROVED,"Required customer fields are complete. Repeat evidence - name: 2, address: 2, SSN: 2."
2026-05-26T13:44:06.753018,22.45,W2_XL_input_clean_1391.pdf,clean,Tiffany Flowers,3504 Ryan Plain Wrightmouth AL 06046-0690,586-07-6715,Hebert-Tucker Ltd,8110 Robinson Causeway Suite 825 Gordonbury FL 60487-1474,45-4453213,0.95,0.95,0.95,0.9499999999999998,AUTO_APPROVED,"Required customer fields are complete. Repeat evidence - name: 2, address: 2, SSN: 2."
2026-05-26T13:44:16.547496,9.78,W2_XL_input_clean_1392.pdf,clean,,,146-93-8594,"Jackson, King and Peters Ltd",85024 Jared Street Apt. 481 East Ronald NE 51810-6340,80-5094836,0.0,0.0,0.95,0.31666666666666665,NEEDS_REVIEW,"Missing or incomplete customer field(s): employee_name, employee_address"
2026-05-26T13:44:31.024236,14.47,W2_XL_input_clean_1393.pdf,clean,Emily Simpson,040 Johnson Parkway Suite 087 South Ericborough MA 12075-3847,138-98-1156,Hanna-Allen Inc,,76-8461292,0.95,0.95,0.95,0.9499999999999998,AUTO_APPROVED,"Required customer fields are complete. Repeat evidence - name: 2, address: 2, SSN: 2."
2026-05-26T13:44:46.043380,15.01,W2_XL_input_clean_1394.pdf,clean,Ronald Ball,828 Goodwin Ridges Suite 390 Juanview KY 06182-4505,378-55-3545,Burns and Sons Inc,00055 Richards Harbors Apt. 411 Michaelmouth RI 78207-0186,04-9111176,0.95,0.95,0.95,0.9499999999999998,AUTO_APPROVED,"Required customer fields are complete. Repeat evidence - name: 2, address: 2, SSN: 2."
2026-05-26T13:44:58.641294,12.59,W2_XL_input_clean_1395.pdf,clean,Kimberly Khan,223 Mcknight Neck Suite 489 West Michaelmouth VT,247-43-0212,King and Sons Ltd,,73-7379739,0.95,0.0,0.95,0.6333333333333333,NEEDS_REVIEW,Missing or incomplete customer field(s): employee_address
2026-05-26T13:45:23.503687,24.85,W2_XL_input_clean_1396.pdf,clean,Jason Ortiz,12903 Gilbert Garden Suite 798 New Angela VT 69309-5285,125-46-8790,Ibarra-Burton PLC,4304 Murphy Key Apt. 604 New Spencer NC 08878-9604,45-8379306,0.95,0.95,0.95,0.9499999999999998,AUTO_APPROVED,"Required customer fields are complete. Repeat evidence - name: 2, address: 2, SSN: 2."
2026-05-26T13:45:39.425410,15.91,W2_XL_input_clean_1397.pdf,clean,Chad Phillips,87155 Cole Causeway Suite 023 Toddhaven AL 80319-0371,140-01-7580,"Christensen, Downs and Blackwell Group",60676 John Circle Suite 207 Evansberg RI 02357-7481,46-4819773,0.95,0.95,0.95,0.9499999999999998,AUTO_APPROVED,"Required customer fields are complete. Repeat evidence - name: 2, address: 2, SSN: 2."
2026-05-26T13:46:03.907888,24.47,W2_XL_input_clean_1398.pdf,clean,Inc Cochran-Stephenson,85456 Lewis Wells Apt. 156 North James FL 18462-7999,701-74-1067,Cochran-Stephenson Inc,85456 Lewis Wells Apt. 156 North James FL 18462-7999,80-5837777,0.0,0.95,0.95,0.6333333333333333,NEEDS_REVIEW,Missing or incomplete customer field(s): employee_name
2026-05-26T13:46:17.489351,13.57,W2_XL_input_clean_1399.pdf,clean,Ashley Jones,96197 Malone Parks Apt. 386 Debraberg CA 01578-5645,732-60-0893,"Wilkinson, Shepard and Moore Ltd",9404 James Island Apt. 863 Gonzalezview ID 65325-1474,57-0894716,0.95,0.95,0.95,0.9499999999999998,AUTO_APPROVED,"Required customer fields are complete. Repeat evidence - name: 2, address: 2, SSN: 2."
2026-05-26T13:47:29.912673,13.12,W2_XL_input_clean_1400.pdf,clean,,,211-13-6871,Cochran and Sons Ltd,57666 John Divide Suite 224 Port Jose DE 88060-1449,51-8191200,0.0,0.0,0.95,0.31666666666666665,NEEDS_REVIEW,"Missing or incomplete customer field(s): employee_name, employee_address"
2026-05-26T13:47:46.213414,16.29,W2_XL_input_noisy_2536.pdf,noisy,Andrea Johnson,363 Little Prairie Pearsonhaven WI 08035-8953,117-37-3899,,,25-4831053,0.95,0.95,0.9,0.9333333333333332,AUTO_APPROVED,"Required customer fields are complete. Repeat evidence - name: 2, address: 2, SSN: 1."
2026-05-26T13:47:58.674005,12.45,W2_XL_input_noisy_2908.pdf,noisy,Alexander Raynes,6319 Andrew Mill Apt. 581 West Brian MI 80306-1025,513-43-4641,,,01-2702785,0.9,0.95,0.95,0.9333333333333332,AUTO_APPROVED,"Required customer fields are complete. Repeat evidence - name: 1, address: 2, SSN: 2."
2026-05-26T13:48:09.803021,11.12,W2_XL_input_noisy_2909.pdf,noisy,,,815-14-3849,,,47-4303247,0.0,0.0,0.9,0.3,NEEDS_REVIEW,"Missing or incomplete customer field(s): employee_name, employee_address"
2026-05-26T13:48:21.938966,12.13,W2_XL_input_noisy_2910.pdf,noisy,Eric Salazar,90546 Stephen Shores Patriciafort ME 74844-2448,606-28-8205,,,73-9436554,0.95,0.95,0.95,0.9499999999999998,AUTO_APPROVED,"Required customer fields are complete. Repeat evidence - name: 2, address: 2, SSN: 2."
2026-05-26T13:48:31.885147,9.93,W2_XL_input_noisy_2911.pdf,noisy,Victoria Morales,1272 Price Highway New Scott AL 92936-1875,679-16-9791,,,26-7087160,0.95,0.9,0.95,0.9333333333333332,AUTO_APPROVED,"Required customer fields are complete. Repeat evidence - name: 2, address: 1, SSN: 2."
2026-05-26T13:48:50.724874,18.83,W2_XL_input_noisy_2913.pdf,noisy,Danny Cruz,148 Marquez Cliff Apt. 823 Port Alexanderside AZ,722-70-2179,Calhoun PLC Group,02146 Emily Lock Brennanberg TX 95296-4635,65-6322014,0.95,0.0,0.95,0.6333333333333333,NEEDS_REVIEW,Missing or incomplete customer field(s): employee_address
2026-05-26T13:49:04.310556,13.57,W2_XL_input_noisy_2915.pdf,noisy,Brian Thompson,29204 Harding Shoals Apt. 943 Benjaminchester ID,401-09-3931,Farmer Ltd LLC,25668 Alyssa Plaza Apt. 495 South Erinfort FL 39579-7371,30-9495548,0.95,0.0,0.95,0.6333333333333333,NEEDS_REVIEW,Missing or incomplete customer field(s): employee_address
2026-05-26T13:50:00.878583,56.56,W2_XL_input_noisy_2916.pdf,noisy,Joseph Martinez,558 Mcconnell Loop Suite 571 Erinville ID 20207-7340,828-94-4458,"Wood, Lee and Spencer Inc",3794 Veronica Points Apt. 163 South Daniel LA 53794-7733,01-8574537,0.95,0.95,0.95,0.9499999999999998,AUTO_APPROVED,"Required customer fields are complete. Repeat evidence - name: 2, address: 2, SSN: 2."
2026-05-26T13:50:52.972498,52.08,W2_XL_input_noisy_2917.pdf,noisy,Steven Mason,453 Kelly Throughwa Petersonfort ND 25841-7459,,,,,0.9,0.9,0.0,0.6,NEEDS_REVIEW,Missing or incomplete customer field(s): employee_ssn
2026-05-26T13:51:03.663137,10.68,W2_XL_input_noisy_2918.pdf,noisy,Elizabeth Hammond,7408 Timothy Extensions West Dustinmouth SC 46396-4655,159-13-4021,,,46-0698337,0.9,0.95,0.95,0.9333333333333332,AUTO_APPROVED,"Required customer fields are complete. Repeat evidence - name: 1, address: 2, SSN: 2."
2026-05-26T13:51:23.392037,19.72,W2_XL_input_noisy_2919.pdf,noisy,Kathleen Rodriguez,41952 Hansen Unions Stanleyberg LA 71850-3873,575-79-2300,,,50-4345590,0.95,0.95,0.95,0.9499999999999998,AUTO_APPROVED,"Required customer fields are complete. Repeat evidence - name: 2, address: 2, SSN: 2."
2026-05-26T13:51:34.179914,10.77,W2_XL_input_noisy_2920.pdf,noisy,Kimberly Miller,6099 Williams Plains Sheppardshire ME 73950-5231,770-50-5320,,,34-8103312,0.9,0.95,0.95,0.9333333333333332,AUTO_APPROVED,"Required customer fields are complete. Repeat evidence - name: 1, address: 2, SSN: 2."
2026-05-26T13:56:15.580501,281.39,W2_XL_input_noisy_2921.pdf,noisy,,,,,,,0.0,0.0,0.0,0.0,NEEDS_REVIEW,"Missing or incomplete customer field(s): employee_name, employee_address, employee_ssn"
2026-05-26T13:56:30.405745,14.81,W2_XL_input_noisy_2922.pdf,noisy,Tiffany Ramirez,6243 Avila Mission Apt. 653 East Lori NY 43845-1187,070-82-9963,"Harmon, Wang and Rodriguez and Sons",2395 Joshua Center Apt. 267 Bryanport VT 37884-9210,68-1949016,0.95,0.95,0.95,0.9499999999999998,AUTO_APPROVED,"Required customer fields are complete. Repeat evidence - name: 2, address: 2, SSN: 2."
2026-05-26T13:56:51.619216,21.2,W2_XL_input_noisy_2923.pdf,noisy,Kevin Brown,5208 Andrew Pine Apt. 494 Port Amy WA 95592-4565,030-74-6444,Sociai,36908 Edwin Shoal Jamesside MA 94678-8619,90-0307699,0.95,0.95,0.95,0.9499999999999998,AUTO_APPROVED,"Required customer fields are complete. Repeat evidence - name: 2, address: 2, SSN: 2."
2026-05-26T13:57:15.602229,23.97,W2_XL_input_noisy_2924.pdf,noisy,Erika Giles,545 Middleton Spurs Apt. 225 Vargasfort NV 03798-3949,066-45-8206,FAST! Use,994 Green Fords Apt. 754 New Michelle MS 71861-6392,26-6304554,0.95,0.95,0.95,0.9499999999999998,AUTO_APPROVED,"Required customer fields are complete. Repeat evidence - name: 2, address: 2, SSN: 2."
2026-05-26T13:57:24.423785,8.81,W2_XL_input_noisy_2925.pdf,noisy,Adrian Martin,24335 Richard Streets Suite 768 Port Willianhaven FL 30900-6033,396-46-6737,,,58-3430600,0.95,0.95,0.9,0.9333333333333332,AUTO_APPROVED,"Required customer fields are complete. Repeat evidence - name: 2, address: 2, SSN: 1."
2026-05-26T13:57:49.562413,25.12,W2_XL_input_noisy_2926.pdf,noisy,Ran Conn,26716 Soto Views Cookville WY 93357-2482,,,,57-3942859,0.9,0.9,0.0,0.6,NEEDS_REVIEW,Missing or incomplete customer field(s): employee_ssn
2026-05-26T13:58:03.949516,14.38,W2_XL_input_noisy_2928.pdf,noisy,,,211-57-0677,,,85-4435694,0.0,0.0,0.95,0.31666666666666665,NEEDS_REVIEW,"Missing or incomplete customer field(s): employee_name, employee_address"
2026-05-26T13:58:43.075182,39.11,W2_XL_input_noisy_2929.pdf,noisy,John Stanley,8861 Travis Center Apt. 295 Jackport MO 38838-8760,444-12-3615,,,95-1367861,0.95,0.95,0.9,0.9333333333333332,AUTO_APPROVED,"Required customer fields are complete. Repeat evidence - name: 2, address: 2, SSN: 1."
2026-05-26T13:59:44.811987,61.72,W2_XL_input_noisy_2930.pdf,noisy,,,558-52-7912,Ortiz PLC Inc,2842 Wheeler Place Apt. 307 New Brandonfort VT,20-8933111,0.0,0.0,0.95,0.31666666666666665,NEEDS_REVIEW,"Missing or incomplete customer field(s): employee_name, employee_address"
2026-05-26T13:59:53.593803,8.77,W2_XL_input_noisy_2931.pdf,noisy,,,,,,,0.0,0.0,0.0,0.0,NEEDS_REVIEW,"Missing or incomplete customer field(s): employee_name, employee_address, employee_ssn"
2026-05-26T14:00:12.167550,18.56,W2_XL_input_noisy_2932.pdf,noisy,East Dannyfurt,89307 Eric Locks Suite 979,,,,31-7142371,0.9,0.0,0.0,0.3,NEEDS_REVIEW,"Missing or incomplete customer field(s): employee_address, employee_ssn"
2026-05-26T14:00:51.669614,39.49,W2_XL_input_noisy_2933.pdf,noisy,Bollyshire Fort,9345 Patrick Plaza Reedbury GA 48727-9267,,,,66-4064746,0.9,0.95,0.0,0.6166666666666667,NEEDS_REVIEW,Missing or incomplete customer field(s): employee_ssn
2026-05-26T14:01:13.766067,22.08,W2_XL_input_noisy_2934.pdf,noisy,David Herrera,227 Garcia Circles Lunaville MI 74806-8386,667-23-9151,"Anderson, Hartman and Martinez Ltd",2025 Chapman Shoal Apt. 746 Rachelton WY 84469-9419,34-8575240,0.9,0.95,0.95,0.9333333333333332,AUTO_APPROVED,"Required customer fields are complete. Repeat evidence - name: 1, address: 2, SSN: 2."
2026-05-26T14:01:29.649547,15.87,W2_XL_input_noisy_2943.pdf,noisy,Miller Thomas,8727 Thomas Estates Apt. 264 South Gabriellehaven MT 32082,832-29-2067,Walters PLC PLC,,84-2645126,0.95,0.95,0.9,0.9333333333333332,AUTO_APPROVED,"Required customer fields are complete. Repeat evidence - name: 2, address: 2, SSN: 1."
2026-05-26T14:02:23.810854,54.15,W2_XL_input_noisy_2944.pdf,noisy,Melissa Powell,9618 Adams Unions Whiteton RI 43421-4702,297-42-3690,Mosley-Myers and Sons,39313 Tracy Pass Suite 477 Elizabethfurt MD 22943-1150,76-2548008,0.95,0.95,0.95,0.9499999999999998,AUTO_APPROVED,"Required customer fields are complete. Repeat evidence - name: 2, address: 2, SSN: 2."
2026-05-26T14:02:36.709638,12.89,W2_XL_input_noisy_2945.pdf,noisy,,,241-53-8460,"White, Garner and Allen Ltd",,61-9610033,0.0,0.0,0.95,0.31666666666666665,NEEDS_REVIEW,"Missing or incomplete customer field(s): employee_name, employee_address"
2026-05-26T14:02:47.209224,10.49,W2_XL_input_noisy_2946.pdf,noisy,,,567-28-3673,,,39-4977349,0.0,0.0,0.9,0.3,NEEDS_REVIEW,"Missing or incomplete customer field(s): employee_name, employee_address"
2026-05-26T14:02:58.681925,11.46,W2_XL_input_noisy_2947.pdf,noisy,Michael Lutz,195 Wells Stream Suite 222 Pamelabury MN 01606-0570,550-76-1837,"Sullivan, Morrison and Ferguson LLC",,53-6232380,0.95,0.95,0.95,0.9499999999999998,AUTO_APPROVED,"Required customer fields are complete. Repeat evidence - name: 2, address: 2, SSN: 2."
2026-05-26T14:03:27.677993,28.98,W2_XL_input_noisy_2948.pdf,noisy,Lee Rivera,386 Zoe Extension Suite 409 Tron CA,449-96-4965,,,66-9738687,0.9,0.0,0.9,0.6,NEEDS_REVIEW,Missing or incomplete customer field(s): employee_address
2026-05-26T14:03:48.592397,20.9,W2_XL_input_noisy_2949.pdf,noisy,,,577-04-5408,,,26-4501092,0.0,0.0,0.95,0.31666666666666665,NEEDS_REVIEW,"Missing or incomplete customer field(s): employee_name, employee_address"
2026-05-26T14:03:58.298437,9.69,W2_XL_input_noisy_2950.pdf,noisy,Katherine South,387 Burton Fords Apt. 407 Brandontown ID 12359-6940,714-32-2105,,,24-3108810,0.95,0.95,0.95,0.9499999999999998,AUTO_APPROVED,"Required customer fields are complete. Repeat evidence - name: 2, address: 2, SSN: 2."
2026-05-26T14:04:09.801730,11.49,W2_XL_input_noisy_2951.pdf,noisy,Lowery Lynn,8092 Kevin Brook Suite 460 Warrenview WI 19592-0782,707-30-4412,"Zimmerman, Lewis and Rhodes LLC",,23-0165536,0.9,0.9,0.95,0.9166666666666666,AUTO_APPROVED,"Required customer fields are complete. Repeat evidence - name: 1, address: 1, SSN: 2."
2026-05-26T14:04:20.925546,11.11,W2_XL_input_noisy_2952.pdf,noisy,,,120-32-2167,,,87-9538854,0.0,0.0,0.95,0.31666666666666665,NEEDS_REVIEW,"Missing or incomplete customer field(s): employee_name, employee_address"
2026-05-26T14:04:35.922760,14.98,W2_XL_input_noisy_2953.pdf,noisy,Enga Lowwance,061 Davia Springs Suite 771 64163,547-04-7675,,,,0.9,0.0,0.9,0.6,NEEDS_REVIEW,Missing or incomplete customer field(s): employee_address
2026-05-26T14:04:44.041944,8.11,W2_XL_input_noisy_2954.pdf,noisy,Jennifer Chen,5146 Davila Islands Apt. 741 Joseborough PA 55175-3161,322-95-0650,,,30-7874701,0.95,0.95,0.9,0.9333333333333332,AUTO_APPROVED,"Required customer fields are complete. Repeat evidence - name: 2, address: 2, SSN: 1."
2026-05-26T14:04:52.567441,8.51,W2_XL_input_noisy_2955.pdf,noisy,Inc Smith-Silva,9343 Brandon Summit Suite 850 Lake Heather ND 56464-6480,836-72-3966,Smith-Silva Inc,9343 Brandon Summit Suite 850 Lake Heather ND 56464-6480,71-3921553,0.0,0.95,0.95,0.6333333333333333,NEEDS_REVIEW,Missing or incomplete customer field(s): employee_name
2026-05-26T14:05:01.283290,8.7,W2_XL_input_noisy_2956.pdf,noisy,,,619-93-9350,,,02-8845091,0.0,0.0,0.9,0.3,NEEDS_REVIEW,"Missing or incomplete customer field(s): employee_name, employee_address"
2026-05-26T14:05:10.776406,9.48,W2_XL_input_noisy_2957.pdf,noisy,,,492-49-0280,,,88-4008034,0.0,0.0,0.9,0.3,NEEDS_REVIEW,"Missing or incomplete customer field(s): employee_name, employee_address"
2026-05-26T14:05:36.721767,25.93,W2_XL_input_noisy_2958.pdf,noisy,Michael Ports,81486 Wright Cliff Apt. 403 Bentonside MS 07050-1904,312-65-0878,"Nelson, Morton and Colon and Sons",81486 Wright Cliff Apt. 403 Bentonside MS 07050-1904,23-4201216,0.95,0.95,0.95,0.9499999999999998,AUTO_APPROVED,"Required customer fields are complete. Repeat evidence - name: 2, address: 2, SSN: 2."
2026-05-26T14:05:52.842456,16.11,W2_XL_input_noisy_2959.pdf,noisy,Stephen Fleming,9145 Banks Views Smithside MO 27548-7792,849-97-6421,,,54-1787336,0.95,0.95,0.95,0.9499999999999998,AUTO_APPROVED,"Required customer fields are complete. Repeat evidence - name: 2, address: 2, SSN: 2."
2026-05-26T14:06:03.827885,10.97,W2_XL_input_noisy_2960.pdf,noisy,Peter West,417 Brianna Way Apt. 889 Lake Pamela NH 02729-0002,328-67-9633,e file,,20-1661683,0.9,0.9,0.95,0.9166666666666666,AUTO_APPROVED,"Required customer fields are complete. Repeat evidence - name: 1, address: 1, SSN: 2."
2026-05-26T14:06:14.542938,10.7,W2_XL_input_noisy_2962.pdf,noisy,Bayes Sharon,000 Dale Camp Suite 550 14940,003-01-4555,,,,0.9,0.0,0.9,0.6,NEEDS_REVIEW,Missing or incomplete customer field(s): employee_address
2026-05-26T14:10:23.602424,249.05,W2_XL_input_noisy_2963.pdf,noisy,,,,,,73-9504966,0.0,0.0,0.0,0.0,NEEDS_REVIEW,"Missing or incomplete customer field(s): employee_name, employee_address, employee_ssn"
2026-05-26T14:10:33.110444,9.49,W2_XL_input_noisy_2964.pdf,noisy,,,718-54-2653,Wheeler-Matthews PLC,88391 Sarah Landing Suite 006 Andrewbury TN 09526-1280,02-5112662,0.0,0.0,0.95,0.31666666666666665,NEEDS_REVIEW,"Missing or incomplete customer field(s): employee_name, employee_address"
2026-05-26T14:10:58.941837,25.82,W2_XL_input_noisy_2965.pdf,noisy,Ho Bethany,7425 Thompson Coves Apt. 460 Tinaburgh VT,539-77-6027,"Miller, Becker and Miller and Sons",1322 Cynthia Isle Apt. 701 Port Christian MD 01618-5114,73-7908879,0.95,0.0,0.95,0.6333333333333333,NEEDS_REVIEW,Missing or incomplete customer field(s): employee_address
2026-05-26T14:11:08.229098,9.27,W2_XL_input_noisy_2966.pdf,noisy,Jodi Reid,3353 Harrington Plain Apt. 138 East Kaylaville MT,351-91-6332,"Horn, Freeman and Fuentes Inc",39177 Nixon Mountains Suite 684 Mathisland RI 11176-7653,94-2653045,0.95,0.0,0.95,0.6333333333333333,NEEDS_REVIEW,Missing or incomplete customer field(s): employee_address
2026-05-26T14:11:16.355563,8.11,W2_XL_input_noisy_2967.pdf,noisy,,,172-46-7966,,,52-1506451,0.0,0.0,0.9,0.3,NEEDS_REVIEW,"Missing or incomplete customer field(s): employee_name, employee_address"
2026-05-26T14:16:03.343351,32.2,W2_XL_input_noisy_2968.pdf,noisy,Turner-Michael Inc,3541 Jennifer Shores Suite 202,150-46-5585,Turner-Michael Inc,3541 Jennifer Shores Suite 202,62-6739527,0.0,0.0,0.95,0.31666666666666665,NEEDS_REVIEW,"Missing or incomplete customer field(s): employee_name, employee_address"
2026-05-26T14:16:16.988138,13.63,W2_XL_input_noisy_2969.pdf,noisy,Cortez Leslie,66032 Deborah Union coine tax UT,688-56-6974,Harrison LLC Group,3530 Katherine Trail East Edward MT,67-1835730,0.9,0.0,0.95,0.6166666666666667,NEEDS_REVIEW,Missing or incomplete customer field(s): employee_address
2026-05-26T14:16:37.872209,20.87,W2_XL_input_noisy_2970.pdf,noisy,Bong Sumshed,036 Thomas Curve Apt. 775 59056,813-09-2695,,,75-3596634,0.9,0.0,0.9,0.6,NEEDS_REVIEW,Missing or incomplete customer field(s): employee_address
2026-05-26T14:17:02.388719,24.5,W2_XL_input_noisy_2971.pdf,noisy,,,553-79-2377,,,50-1434627,0.0,0.0,0.9,0.3,NEEDS_REVIEW,"Missing or incomplete customer field(s): employee_name, employee_address"
2026-05-26T14:17:20.361671,17.96,W2_XL_input_noisy_2972.pdf,noisy,Tony Clements,78027 Winters Viaduct Apt. 975 East Natalie WI 30264-0342,873-51-6804,"Barnes, Scott and Pierce LLC",818 Le Extension Kylechester PA 91132-5144,55-7606075,0.95,0.95,0.95,0.9499999999999998,AUTO_APPROVED,"Required customer fields are complete. Repeat evidence - name: 2, address: 2, SSN: 2."
2026-05-26T14:17:29.967829,9.59,W2_XL_input_noisy_2973.pdf,noisy,Robert Thompson,965 Cordova Corner Apt. 713 395 X DE 39200,344-37-5112,,,71-4190609,0.9,0.9,0.95,0.9166666666666666,AUTO_APPROVED,"Required customer fields are complete. Repeat evidence - name: 1, address: 1, SSN: 2."
2026-05-26T14:17:44.717761,14.74,W2_XL_input_noisy_2974.pdf,noisy,Christine Holland,8596 Robert Dale Apt. 510 Barnesberg MO 07932-2163,863-91-2325,,,37-2871807,0.9,0.95,0.95,0.9333333333333332,AUTO_APPROVED,"Required customer fields are complete. Repeat evidence - name: 1, address: 2, SSN: 2."
2026-05-26T14:23:04.763268,13.81,W2_XL_input_noisy_2975.pdf,noisy,Engr Engiyer's,851 Sarah Walks Apt. 191 South David DE 66112-1155,739-22-9057,,,03-3114007,0.9,0.9,0.9,0.9,AUTO_APPROVED,"Required customer fields are complete. Repeat evidence - name: 1, address: 1, SSN: 1."
2026-05-26T14:23:18.323978,13.54,W2_XL_input_noisy_2976.pdf,noisy,,,669-68-1296,"Clark, Williams and",69218 Clark Mews Apt. Port Diane KY 30846-2535,38-7120905,0.0,0.0,0.9,0.3,NEEDS_REVIEW,"Missing or incomplete customer field(s): employee_name, employee_address"
2026-05-26T14:23:50.003246,31.67,W2_XL_input_noisy_2977.pdf,noisy,,,535-28-6375,,,43-3955536,0.0,0.0,0.95,0.31666666666666665,NEEDS_REVIEW,"Missing or incomplete customer field(s): employee_name, employee_address"
2026-05-26T14:24:13.985512,23.96,W2_XL_input_noisy_2978.pdf,noisy,Loretta Jackson,072 Doyle Villages Suite 866 Jordanburgh SC 89064-3643,259-90-3250,,,26-2676094,0.95,0.95,0.95,0.9499999999999998,AUTO_APPROVED,"Required customer fields are complete. Repeat evidence - name: 2, address: 2, SSN: 2."
2026-05-26T14:24:37.373400,23.38,W2_XL_input_noisy_2979.pdf,noisy,Jennifer Taylor,6546 Melissa Gardens Apt. 663 North Donald DC 71618-8422,886-13-1651,Hobbs-Hill and Sons,46401 Amy Landing Suite 374 Lake Jon CA 31859-1607,16-4101687,0.9,0.95,0.95,0.9333333333333332,AUTO_APPROVED,"Required customer fields are complete. Repeat evidence - name: 1, address: 2, SSN: 2."
2026-05-26T14:24:47.690130,10.3,W2_XL_input_noisy_2980.pdf,noisy,Fatrament Thes-gety,3775 Donna Roads Apt. 933 Anthonymouth VA 19333-7576,553-74-6457,,,12-6726820,0.9,0.95,0.95,0.9333333333333332,AUTO_APPROVED,"Required customer fields are complete. Repeat evidence - name: 1, address: 2, SSN: 2."
2026-05-26T14:25:16.937263,29.23,W2_XL_input_noisy_2981.pdf,noisy,,,389-94-6801,"Mata, Rios and Miller Group",9686 Morgan Wells Apt. 016 Leonardchester WV 77205-4004,80-4711147,0.0,0.0,0.95,0.31666666666666665,NEEDS_REVIEW,"Missing or incomplete customer field(s): employee_name, employee_address"
2026-05-26T14:25:28.935985,11.99,W2_XL_input_noisy_2982.pdf,noisy,Scott Bowers,169 Martin Plain Suite 437 pian ND 28452-5499,515-20-2005,e file,19775 Kaylee Views Suite 407 West Laura VT 99589-5018,56-6096854,0.95,0.95,0.95,0.9499999999999998,AUTO_APPROVED,"Required customer fields are complete. Repeat evidence - name: 2, address: 2, SSN: 2."
2026-05-26T14:25:50.055410,21.11,W2_XL_input_noisy_2983.pdf,noisy,Ltd Mosley-Vasquez,10242 Keith Trail Apt. 830 Markhaven WY 09181-6911,098-25-3780,Mosley-Vasquez Ltd,10242 Keith Trail Apt. 830 Markhaven WY 09181-6911,61-3465920,0.0,0.95,0.95,0.6333333333333333,NEEDS_REVIEW,Missing or incomplete customer field(s): employee_name
2026-05-26T14:26:01.414902,11.35,W2_XL_input_noisy_2984.pdf,noisy,,,302-26-3795,,,26-7493891,0.0,0.0,0.95,0.31666666666666665,NEEDS_REVIEW,"Missing or incomplete customer field(s): employee_name, employee_address"
2026-05-26T14:26:12.211826,10.78,W2_XL_input_noisy_2985.pdf,noisy,Kathryn Miller,51918 Annette Alley Suite 148 South Erikfurt MT,550-27-1838,"Stone, Weaver and Mason Group",,01-8621868,0.95,0.0,0.95,0.6333333333333333,NEEDS_REVIEW,Missing or incomplete customer field(s): employee_address
2026-05-26T14:26:21.669149,9.44,W2_XL_input_noisy_2986.pdf,noisy,Richard Moore,04263 Caleb Mission Apt. 244 North Jeffery HI 83058-6384,226-58-9377,,,24-9124529,0.95,0.9,0.95,0.9333333333333332,AUTO_APPROVED,"Required customer fields are complete. Repeat evidence - name: 2, address: 1, SSN: 2."
2026-05-26T14:26:35.208638,13.52,W2_XL_input_noisy_2987.pdf,noisy,Chelsey Hopkins,12316 Nancy Crest 68580-7363,,,,,0.9,0.0,0.0,0.3,NEEDS_REVIEW,"Missing or incomplete customer field(s): employee_address, employee_ssn"
2026-05-26T14:26:45.969895,10.75,W2_XL_input_noisy_2988.pdf,noisy,Will Vale,79789 Schmitt Trace Suite 097 Port Bruce CT 62338-8130,303-58-8872,,,50-0152677,0.9,0.95,0.9,0.9166666666666666,AUTO_APPROVED,"Required customer fields are complete. Repeat evidence - name: 1, address: 2, SSN: 1."
2026-05-26T14:26:56.263994,10.28,W2_XL_input_noisy_2989.pdf,noisy,,,781-10-2214,"Burgess, Wilson and Davis and Sons",,24-7249656,0.0,0.0,0.95,0.31666666666666665,NEEDS_REVIEW,"Missing or incomplete customer field(s): employee_name, employee_address"
2026-05-26T14:27:05.072355,8.8,W2_XL_input_noisy_2990.pdf,noisy,Nicole Moyer,85561 Rivers Throughway West Jessicaview OR,165-09-4108,Clark-White LLC,,13-4522987,0.95,0.0,0.95,0.6333333333333333,NEEDS_REVIEW,Missing or incomplete customer field(s): employee_address
2026-05-26T14:27:24.601802,19.52,W2_XL_input_noisy_2991.pdf,noisy,,,559-53-2943,,,03-5015050,0.0,0.0,0.9,0.3,NEEDS_REVIEW,"Missing or incomplete customer field(s): employee_name, employee_address"
2026-05-26T14:27:38.147855,13.53,W2_XL_input_noisy_2992.pdf,noisy,Ivan Johnson,92054 Garrett Station Suite 361 Johnsonmouth NV 47981-9800,011-70-4744,"Davis, Jones and Ford",,25-1418243,0.95,0.95,0.9,0.9333333333333332,AUTO_APPROVED,"Required customer fields are complete. Repeat evidence - name: 2, address: 2, SSN: 1."
2026-05-26T14:27:51.926520,13.77,W2_XL_input_noisy_2993.pdf,noisy,,,237-39-6130,,,81-7514337,0.0,0.0,0.95,0.31666666666666665,NEEDS_REVIEW,"Missing or incomplete customer field(s): employee_name, employee_address"
2026-05-26T14:28:03.820324,11.88,W2_XL_input_noisy_2994.pdf,noisy,Danielle Wright,5696 Karen Square Suite 195 Mitchellville MO 17044-2977,,,,04-9439608,0.95,0.95,0.0,0.6333333333333333,NEEDS_REVIEW,Missing or incomplete customer field(s): employee_ssn
2026-05-26T14:28:16.069989,12.24,W2_XL_input_noisy_2996.pdf,noisy,Dana Miller,1632 Rodgers Brooks Apt. 856,646-10-3749,,,11-2716768,0.95,0.0,0.95,0.6333333333333333,NEEDS_REVIEW,Missing or incomplete customer field(s): employee_address
2026-05-26T14:28:23.648193,7.56,W2_XL_input_noisy_2997.pdf,noisy,,,210-11-2692,,,93-1536717,0.0,0.0,0.95,0.31666666666666665,NEEDS_REVIEW,"Missing or incomplete customer field(s): employee_name, employee_address"
2026-05-26T14:28:35.736670,12.07,W2_XL_input_noisy_2998.pdf,noisy,Brandi Rose,6445 Leah Streets Suite 598 Lake Leon ID 04358-5967,450-68-4575,,,02-2216588,0.95,0.95,0.95,0.9499999999999998,AUTO_APPROVED,"Required customer fields are complete. Repeat evidence - name: 2, address: 2, SSN: 2."
2026-05-26T14:28:50.802254,15.05,W2_XL_input_noisy_2999.pdf,noisy,,,522-86-4190,Hall Ltd Group,,27-0313363,0.0,0.0,0.95,0.31666666666666665,NEEDS_REVIEW,"Missing or incomplete customer field(s): employee_name, employee_address"
